stage,audit_type,clause,clause_title,process_name,role,context,question,organization_focus,auditor_focus,defect_cases,evidence_examples,output_format,quality_criteria,result_label,severity_level,notes,prompt_template,source_hint,img_scene_types,img_object_categories,img_ppe_items,img_unsafe_actions_keywords,img_signage_text_keywords,img_evidence_sources,img_model_hint,img_acceptance_criteria,img_mapping_confidence,eval_metric,eval_threshold,evidence_source,self_check_1cycle,risk_priority
1단계,문서,4.1,조직과 조직상황의 이해,,ISO45001 심사원(AI 에이전트),조직의 내·외부 이슈 파악 문서 검토,조직은 OH&S 성과에 영향을 미치는 내부/외부 이슈를 식별·갱신하고 경영검토에 반영하는가?,"SWOT/PESTLE로 내·외부 이슈 체계적 관리 • 의도한 결과(상해·질병 예방, 안전한 작업장)와 연계 • 이슈 변화 감시 및 업데이트 주기 정의",이슈 목록이 최신인지 확인 • OH&S 적용범위(4.3) 및 목표(6.2)와 연계 추적 • 경영검토(9.3) 입력 항목 반영 여부 확인,이슈 목록이 오래되어 최근 변화(신규공정/법규) 미반영 • 이슈→조치 간 연결 근거 부재 • 이슈가 일반론적이고 사업장 특성이 반영되지 않음,이슈 파악 Sheet/대장 • 경영검토 회의록 • 리스크·기회 레지스터,"JSON keys: {조직중점사항[], 심사원중점사항[], 결함사례[], 판정('적합'|'부적합'|'개선필요'|'관찰'), 심각도('Cat.1'|'Cat.2'|'Cat.3'), 근거증빙[]}","ISO 45001 4.1 적합성, 정확성·일관성·검증가능성, 법규 준수(해당 시), 개인정보·저작권 준수",,,,"[역할] ISO45001 심사원(AI 에이전트)
[맥락] 4.1 조직과 조직상황의 이해 – 조직의 내·외부 이슈 파악 문서 검토
[질문] 조직은 OH&S 성과에 영향을 미치는 내부/외부 이슈를 식별·갱신하고 경영검토에 반영하는가?
[출력형식] JSON: {""조직중점사항"":[], ""심사원중점사항"":[], ""결함사례"":[], ""판정"":""적합|부적합|개선필요|관찰 중 1"", ""심각도"":""Cat.1|Cat.2|Cat.3 중 1"", ""근거증빙"":[]}
[품질기준] ISO 45001 4.1 적합성 + 정확성·일관성·검증가능성 + 법규 준수",원본 p.1 4.1,,,,,,CCTV; 현장 사진; 드론(필요 시),YOLOv8/YOLOv10(Object); Pose(행동); OCR(표지판); Segmentation(영역위험),,M,precision/recall@IoU50; OCR-accuracy,"≥95% (PPE/OCR), ≥0.5 IoU",CCTV; 현장 사진; 드론(필요 시),Y,
1단계,문서,4.2,이해관계자의 니즈와 기대 이해,,ISO45001 심사원(AI 에이전트),이해관계자 파악 및 요구사항 목록 검토,근로자·계약자·공급자·고객·기관 등 이해관계자의 요구와 기대를 식별하고 법규로 전환되는 요구를 관리하는가?,근로자/비관리자/계약자 포함 전 범주 식별 • 요구사항의 법규 전환 여부 판단 및 관리 • 경영검토 반영 및 커뮤니케이션 계획 연계,이해관계자 범주 누락 여부 확인 • 요구사항→프로세스·목표 연계성 검증 • 법적/기타 요구로 전환된 항목의 추적,계약자·파견·외국인 근로자 식별 누락 • 요구사항이 단순 나열로 관리책임/주기 미설정 • 요구 반영 증거(회의·훈련·절차) 부재,이해관계자 파악 Sheet • 요구사항 매핑표 • 내·외부 의사소통 로그,"JSON keys: {조직중점사항[], 심사원중점사항[], 결함사례[], 판정('적합'|'부적합'|'개선필요'|'관찰'), 심각도('Cat.1'|'Cat.2'|'Cat.3'), 근거증빙[]}","ISO 45001 4.2 적합성, 정확성·일관성·검증가능성, 법규 준수(해당 시), 개인정보·저작권 준수",,,,"[역할] ISO45001 심사원(AI 에이전트)
[맥락] 4.2 이해관계자의 니즈와 기대 이해 – 이해관계자 파악 및 요구사항 목록 검토
[질문] 근로자·계약자·공급자·고객·기관 등 이해관계자의 요구와 기대를 식별하고 법규로 전환되는 요구를 관리하는가?
[출력형식] JSON: {""조직중점사항"":[], ""심사원중점사항"":[], ""결함사례"":[], ""판정"":""적합|부적합|개선필요|관찰 중 1"", ""심각도"":""Cat.1|Cat.2|Cat.3 중 1"", ""근거증빙"":[]}
[품질기준] ISO 45001 4.2 적합성 + 정확성·일관성·검증가능성 + 법규 준수",원본 p.1 4.2,,,,,,CCTV; 현장 사진; 드론(필요 시),YOLOv8/YOLOv10(Object); Pose(행동); OCR(표지판); Segmentation(영역위험),,M,precision/recall@IoU50; OCR-accuracy,"≥95% (PPE/OCR), ≥0.5 IoU",CCTV; 현장 사진; 드론(필요 시),Y,
1단계,문서,4.3,안전보건경영시스템 적용범위 결정,,ISO45001 심사원(AI 에이전트),OH&S 적용범위 문서 검토,내·외부 이슈와 이해관계자 요구를 고려해 OH&S 경계·적용성·활동범위를 명확히 정의하고 있는가?,사업장/활동/제품·서비스 범위 명시 • 적용 제외 사유와 영향 명확화 • 범위 변경 시 관리 절차,범위 문서의 버전·승인·공유 확인 • 범위가 실제 운영(공정/현장)과 일치 여부 현장 샘플링 • 다사업장/복수사업주 상황 반영 확인,범위에 외주/협력업체 활동 반영 누락 • 문서와 실제 현장 범위 불일치 • 범위 변경 기록 및 의사소통 부재,적용범위 문서/메뉴얼 • 사업장 목록/도면 • 변경관리 기록,"JSON keys: {조직중점사항[], 심사원중점사항[], 결함사례[], 판정('적합'|'부적합'|'개선필요'|'관찰'), 심각도('Cat.1'|'Cat.2'|'Cat.3'), 근거증빙[]}","ISO 45001 4.3 적합성, 정확성·일관성·검증가능성, 법규 준수(해당 시), 개인정보·저작권 준수",,,,"[역할] ISO45001 심사원(AI 에이전트)
[맥락] 4.3 안전보건경영시스템 적용범위 결정 – OH&S 적용범위 문서 검토
[질문] 내·외부 이슈와 이해관계자 요구를 고려해 OH&S 경계·적용성·활동범위를 명확히 정의하고 있는가?
[출력형식] JSON: {""조직중점사항"":[], ""심사원중점사항"":[], ""결함사례"":[], ""판정"":""적합|부적합|개선필요|관찰 중 1"", ""심각도"":""Cat.1|Cat.2|Cat.3 중 1"", ""근거증빙"":[]}
[품질기준] ISO 45001 4.3 적합성 + 정확성·일관성·검증가능성 + 법규 준수",원본 p.1 4.3,,,,,,CCTV; 현장 사진; 드론(필요 시),YOLOv8/YOLOv10(Object); Pose(행동); OCR(표지판); Segmentation(영역위험),,M,precision/recall@IoU50; OCR-accuracy,"≥95% (PPE/OCR), ≥0.5 IoU",CCTV; 현장 사진; 드론(필요 시),Y,
1단계,문서,4.4,안전보건경영시스템,프로세스 맵,ISO45001 심사원(AI 에이전트),OH&S 시스템과 프로세스 상호작용 문서 검토,필요 프로세스와 상호작용을 수립·유지하고 비즈니스 프로세스에 통합되어 있는가?,프로세스 맵·상호작용도 보유 • 운영·지원·관리 프로세스에 OH&S 통합 • 프로세스별 성과지표/책임/자원 정의,프로세스 맵 최신성·현장 일치성 확인 • OH&S 전용 절차와 통합 절차의 경계 확인 • 프로세스 성과와 목표 연계 검토,OH&S가 별도 체계로 고립(운영 프로세스 미통합) • 상호작용 흐름 미정의 • 측정지표·책임 미정의,프로세스 맵 • 비즈니스 매트릭스 • 절차서/지침서 일람,"JSON keys: {조직중점사항[], 심사원중점사항[], 결함사례[], 판정('적합'|'부적합'|'개선필요'|'관찰'), 심각도('Cat.1'|'Cat.2'|'Cat.3'), 근거증빙[]}","ISO 45001 4.4 적합성, 정확성·일관성·검증가능성, 법규 준수(해당 시), 개인정보·저작권 준수",,,,"[역할] ISO45001 심사원(AI 에이전트)
[맥락] 4.4 안전보건경영시스템 – OH&S 시스템과 프로세스 상호작용 문서 검토
[질문] 필요 프로세스와 상호작용을 수립·유지하고 비즈니스 프로세스에 통합되어 있는가?
[출력형식] JSON: {""조직중점사항"":[], ""심사원중점사항"":[], ""결함사례"":[], ""판정"":""적합|부적합|개선필요|관찰 중 1"", ""심각도"":""Cat.1|Cat.2|Cat.3 중 1"", ""근거증빙"":[]}
[품질기준] ISO 45001 4.4 적합성 + 정확성·일관성·검증가능성 + 법규 준수",원본 p.1 4.4,,,,,,CCTV; 현장 사진; 드론(필요 시),YOLOv8/YOLOv10(Object); Pose(행동); OCR(표지판); Segmentation(영역위험),,M,precision/recall@IoU50; OCR-accuracy,"≥95% (PPE/OCR), ≥0.5 IoU",CCTV; 현장 사진; 드론(필요 시),Y,
2단계,인터뷰,5.1,리더십과 의지표명,,ISO45001 심사원(AI 에이전트),CEO/임원 인터뷰 및 경영검토 연계 확인,최고경영자는 5.1 (a)~(m) 책임과 보장을 이행하며 자원 제공·의도한 결과 달성·근로자 협의/참여 프로세스를 보장하는가?,"경영자가 정책·목표 승인 및 자원 제공 • 보복 금지 문화 조성, 참여 보장 • 법규 준수·지속개선 의지 표명",경영검토 출력에 자원·의도한 결과·참여 항목 포함 확인 • 리더 메시지/현장 순시 등 증거 확인 • 성과와 리스크 기반 의사결정 인터뷰,경영검토에 5.1 보장 항목이 누락 • 리더십 흔적(메시지/지시/자원결정) 부재 • 참여 저해요인 제거 활동 미흡,서명된 방침 • 자원배정 기록 • 경영검토 보고서 • 위원회 운영자료,"JSON keys: {조직중점사항[], 심사원중점사항[], 결함사례[], 판정('적합'|'부적합'|'개선필요'|'관찰'), 심각도('Cat.1'|'Cat.2'|'Cat.3'), 근거증빙[]}","ISO 45001 5.1 적합성, 정확성·일관성·검증가능성, 법규 준수(해당 시), 개인정보·저작권 준수",,,,"[역할] ISO45001 심사원(AI 에이전트)
[맥락] 5.1 리더십과 의지표명 – CEO/임원 인터뷰 및 경영검토 연계 확인
[질문] 최고경영자는 5.1 (a)~(m) 책임과 보장을 이행하며 자원 제공·의도한 결과 달성·근로자 협의/참여 프로세스를 보장하는가?
[출력형식] JSON: {""조직중점사항"":[], ""심사원중점사항"":[], ""결함사례"":[], ""판정"":""적합|부적합|개선필요|관찰 중 1"", ""심각도"":""Cat.1|Cat.2|Cat.3 중 1"", ""근거증빙"":[]}
[품질기준] ISO 45001 5.1 적합성 + 정확성·일관성·검증가능성 + 법규 준수",원본 p.1 5.1,,,,,,CCTV; 현장 사진; 드론(필요 시),YOLOv8/YOLOv10(Object); Pose(행동); OCR(표지판); Segmentation(영역위험),,M,precision/recall@IoU50; OCR-accuracy,"≥95% (PPE/OCR), ≥0.5 IoU",CCTV; 현장 사진; 드론(필요 시),Y,
2단계,문서+인터뷰,5.2,안전보건 방침,,ISO45001 심사원(AI 에이전트),방침 문서·교육·게시 상태 확인,방침이 수립·문서화·의사소통·이용 가능하며 ‘법규 준수/위험요인 제거 및 리스크 감소/지속적 개선/근로자 참여’ 약속을 포함하는가?,방침 최신본 게시 및 다언어 제공(필요 시) • 방침 인식도 제고 교육 실시 • 방침-목표-프로세스 정합,방침 내용이 규격 요구를 모두 포함하는지 점검 • 교육·인식 인터뷰 샘플링 • 외부 공개 여부 확인,방침에 핵심 약속 누락 • 방침 교육·인식 근거 부족 • 게시·접근성 미흡,방침 문서(서명본) • 교육자료/이수 기록 • 게시/공지 스샷,"JSON keys: {조직중점사항[], 심사원중점사항[], 결함사례[], 판정('적합'|'부적합'|'개선필요'|'관찰'), 심각도('Cat.1'|'Cat.2'|'Cat.3'), 근거증빙[]}","ISO 45001 5.2 적합성, 정확성·일관성·검증가능성, 법규 준수(해당 시), 개인정보·저작권 준수",,,,"[역할] ISO45001 심사원(AI 에이전트)
[맥락] 5.2 안전보건 방침 – 방침 문서·교육·게시 상태 확인
[질문] 방침이 수립·문서화·의사소통·이용 가능하며 ‘법규 준수/위험요인 제거 및 리스크 감소/지속적 개선/근로자 참여’ 약속을 포함하는가?
[출력형식] JSON: {""조직중점사항"":[], ""심사원중점사항"":[], ""결함사례"":[], ""판정"":""적합|부적합|개선필요|관찰 중 1"", ""심각도"":""Cat.1|Cat.2|Cat.3 중 1"", ""근거증빙"":[]}
[품질기준] ISO 45001 5.2 적합성 + 정확성·일관성·검증가능성 + 법규 준수",원본 p.2 5.2 / p.13 표-2,공지 게시판; 사내 디지털 사이니지,안전방침 게시물; 공지 포스터,,,,CCTV; 현장 사진; 드론(필요 시),OCR(게시판 문안); YOLOv8/YOLOv10(Object); Pose(행동); OCR(표지판); Segmentation(영역위험),방침 최신본 게시 확인; OCR 문안 일치율 ≥ 95%,H,precision/recall@IoU50; OCR-accuracy,"≥95% (PPE/OCR), ≥0.5 IoU",CCTV; 현장 사진; 드론(필요 시),Y,
2단계,문서+인터뷰,5.3,조직의 역할·책임·권한,,ISO45001 심사원(AI 에이전트),R&R 문서와 보고라인 확인,역할·책임·권한이 정의·의사소통되고 성과보고 라인이 명확한가?,조직도와 직무기술서 일치 • OH&S 성과 보고 라인 확립 • 권한 위임 기준 명확화,R&R 최신성·배포·인식 확인 • 대행/부재 시 책임 체계 • 보고 주기·형식 검토,R&R 문서 불일치·미배포 • 보고 라인 불명확 • 권한 위임 기록 부재,조직도 • 직무기술서 • 권한 위임장 • 보고체계도,"JSON keys: {조직중점사항[], 심사원중점사항[], 결함사례[], 판정('적합'|'부적합'|'개선필요'|'관찰'), 심각도('Cat.1'|'Cat.2'|'Cat.3'), 근거증빙[]}","ISO 45001 5.3 적합성, 정확성·일관성·검증가능성, 법규 준수(해당 시), 개인정보·저작권 준수",,,,"[역할] ISO45001 심사원(AI 에이전트)
[맥락] 5.3 조직의 역할·책임·권한 – R&R 문서와 보고라인 확인
[질문] 역할·책임·권한이 정의·의사소통되고 성과보고 라인이 명확한가?
[출력형식] JSON: {""조직중점사항"":[], ""심사원중점사항"":[], ""결함사례"":[], ""판정"":""적합|부적합|개선필요|관찰 중 1"", ""심각도"":""Cat.1|Cat.2|Cat.3 중 1"", ""근거증빙"":[]}
[품질기준] ISO 45001 5.3 적합성 + 정확성·일관성·검증가능성 + 법규 준수",원본 p.2 5.3,,,,,,CCTV; 현장 사진; 드론(필요 시),YOLOv8/YOLOv10(Object); Pose(행동); OCR(표지판); Segmentation(영역위험),,M,precision/recall@IoU50; OCR-accuracy,"≥95% (PPE/OCR), ≥0.5 IoU",CCTV; 현장 사진; 드론(필요 시),Y,
2단계,문서+인터뷰,5.4,근로자 협의 및 참여,근로자 협의/참여 프로세스,ISO45001 심사원(AI 에이전트),위원회·참여 메커니즘 운영 확인,협의(9항목)·참여(7항목) 범주에 따라 프로세스가 운영되고 장벽 제거가 이루어지는가?,위원회 구성·주기·동수 원칙 준수 • 정보 사전 제공·교육·의견 반영 • 비관리자 참여 보장,표-3 항목 대비 운영 내역 매칭 • 참여 통계·제안제도 효과 점검 • 현장 인터뷰로 체감도 확인,위원회 형식 운영(실질 협의·참여 부재) • 안건·결과의 의사소통 미흡 • 비관리자 참여 제한,위원회 회의록 • 의사소통 기록 • 참여 프로그램 실적,"JSON keys: {조직중점사항[], 심사원중점사항[], 결함사례[], 판정('적합'|'부적합'|'개선필요'|'관찰'), 심각도('Cat.1'|'Cat.2'|'Cat.3'), 근거증빙[]}","ISO 45001 5.4 적합성, 정확성·일관성·검증가능성, 법규 준수(해당 시), 개인정보·저작권 준수",,,,"[역할] ISO45001 심사원(AI 에이전트)
[맥락] 5.4 근로자 협의 및 참여 – 위원회·참여 메커니즘 운영 확인
[질문] 협의(9항목)·참여(7항목) 범주에 따라 프로세스가 운영되고 장벽 제거가 이루어지는가?
[출력형식] JSON: {""조직중점사항"":[], ""심사원중점사항"":[], ""결함사례"":[], ""판정"":""적합|부적합|개선필요|관찰 중 1"", ""심각도"":""Cat.1|Cat.2|Cat.3 중 1"", ""근거증빙"":[]}
[품질기준] ISO 45001 5.4 적합성 + 정확성·일관성·검증가능성 + 법규 준수",원본 p.2 5.4 / p.14 표-3,,,,,,CCTV; 현장 사진; 드론(필요 시),YOLOv8/YOLOv10(Object); Pose(행동); OCR(표지판); Segmentation(영역위험),,M,precision/recall@IoU50; OCR-accuracy,"≥95% (PPE/OCR), ≥0.5 IoU",CCTV; 현장 사진; 드론(필요 시),Y,
1단계,문서,6.1.1,일반사항,,ISO45001 심사원(AI 에이전트),리스크/기회 관리 전반 프로세스 확인,"조직상황·이해관계자·법규를 고려해 위험요인 파악, 리스크·기회 평가 및 조치계획을 수립하는가?",위험성평가 체계와 연계 • 법규·기타 요구 반영 • 변경 시(조직/공정) 재평가,프로세스 문서화 수준 확인 • 실시 시기·책임·방법 명확성 확인 • 피드백 루프(경영검토) 상태,용어·범위 혼재로 프로세스 혼선 • 평가 주기 불명확 • 법규 변경 반영 지연,리스크/기회 관리 절차 • SWOT • 위험성평가 지침,"JSON keys: {조직중점사항[], 심사원중점사항[], 결함사례[], 판정('적합'|'부적합'|'개선필요'|'관찰'), 심각도('Cat.1'|'Cat.2'|'Cat.3'), 근거증빙[]}","ISO 45001 6.1.1 적합성, 정확성·일관성·검증가능성, 법규 준수(해당 시), 개인정보·저작권 준수",,,,"[역할] ISO45001 심사원(AI 에이전트)
[맥락] 6.1.1 일반사항 – 리스크/기회 관리 전반 프로세스 확인
[질문] 조직상황·이해관계자·법규를 고려해 위험요인 파악, 리스크·기회 평가 및 조치계획을 수립하는가?
[출력형식] JSON: {""조직중점사항"":[], ""심사원중점사항"":[], ""결함사례"":[], ""판정"":""적합|부적합|개선필요|관찰 중 1"", ""심각도"":""Cat.1|Cat.2|Cat.3 중 1"", ""근거증빙"":[]}
[품질기준] ISO 45001 6.1.1 적합성 + 정확성·일관성·검증가능성 + 법규 준수",원본 p.2 6.1.1,,,,,,CCTV; 현장 사진; 드론(필요 시),YOLOv8/YOLOv10(Object); Pose(행동); OCR(표지판); Segmentation(영역위험),,M,precision/recall@IoU50; OCR-accuracy,"≥95% (PPE/OCR), ≥0.5 IoU",CCTV; 현장 사진; 드론(필요 시),Y,
2단계,프로세스+현장,6.1.2.1,위험요인 파악,위험요인 파악 프로세스,ISO45001 심사원(AI 에이전트),현장 순회와 작업 분석 병행,일상·비일상·비상·인적요인 등 전 범주 위험요인을 체계적으로 식별하는가?,"작업/설비/환경·행동 요인 포괄 • 아차사고 포함, 근로자 참여 • 변경 시(설비/공정) 재식별",표-5/6 범주 참조해 누락 점검 • 근로자 대표 참여 증거 확인 • 현장 인터뷰·관찰로 리스트 검증,비일상/계약자 작업 위험요인 누락 • 근로자 참여 없는 탁상 식별 • 아차사고 미반영,위험요인 목록 • 순회점검표 • 참여 기록,"JSON keys: {조직중점사항[], 심사원중점사항[], 결함사례[], 판정('적합'|'부적합'|'개선필요'|'관찰'), 심각도('Cat.1'|'Cat.2'|'Cat.3'), 근거증빙[]}","ISO 45001 6.1.2.1 적합성, 정확성·일관성·검증가능성, 법규 준수(해당 시), 개인정보·저작권 준수",,,,"[역할] ISO45001 심사원(AI 에이전트)
[맥락] 6.1.2.1 위험요인 파악 – 현장 순회와 작업 분석 병행
[질문] 일상·비일상·비상·인적요인 등 전 범주 위험요인을 체계적으로 식별하는가?
[출력형식] JSON: {""조직중점사항"":[], ""심사원중점사항"":[], ""결함사례"":[], ""판정"":""적합|부적합|개선필요|관찰 중 1"", ""심각도"":""Cat.1|Cat.2|Cat.3 중 1"", ""근거증빙"":[]}
[품질기준] ISO 45001 6.1.2.1 적합성 + 정확성·일관성·검증가능성 + 법규 준수","원본 p.3 6.1.2 / p.14-15 표-5,6",,,,,,CCTV; 현장 사진; 드론(필요 시),YOLOv8/YOLOv10(Object); Pose(행동); OCR(표지판); Segmentation(영역위험),,M,precision/recall@IoU50; OCR-accuracy,"≥95% (PPE/OCR), ≥0.5 IoU",CCTV; 현장 사진; 드론(필요 시),Y,
1단계,문서,6.1.2.2,안전보건 리스크 평가,리스크 평가 프로세스,ISO45001 심사원(AI 에이전트),평가 방법·기준·주기 확인,리스크 평가 기준(심각도·가능성)과 등급체계를 정의하고 잔여리스크를 관리하는가?,평가 매트릭스·등급·허용기준 정의 • 책임·주기·승인·보관(≥3년) • 조치 후 효과성 확인,평가 샘플의 일관성·추적성 점검 • 잔여리스크 허용 근거 검토(ALARP) • 검교정된 측정값 사용 확인(해당 시),평가 기준 불명확/일관성 부족 • 조치 전/후 평가 누락 • 보관기간 미준수,리스크 평가 절차서 • 평가 결과표 • 승인·개정 이력,"JSON keys: {조직중점사항[], 심사원중점사항[], 결함사례[], 판정('적합'|'부적합'|'개선필요'|'관찰'), 심각도('Cat.1'|'Cat.2'|'Cat.3'), 근거증빙[]}","ISO 45001 6.1.2.2 적합성, 정확성·일관성·검증가능성, 법규 준수(해당 시), 개인정보·저작권 준수",,,,"[역할] ISO45001 심사원(AI 에이전트)
[맥락] 6.1.2.2 안전보건 리스크 평가 – 평가 방법·기준·주기 확인
[질문] 리스크 평가 기준(심각도·가능성)과 등급체계를 정의하고 잔여리스크를 관리하는가?
[출력형식] JSON: {""조직중점사항"":[], ""심사원중점사항"":[], ""결함사례"":[], ""판정"":""적합|부적합|개선필요|관찰 중 1"", ""심각도"":""Cat.1|Cat.2|Cat.3 중 1"", ""근거증빙"":[]}
[품질기준] ISO 45001 6.1.2.2 적합성 + 정확성·일관성·검증가능성 + 법규 준수",원본 p.3 6.1.2,,,,,,CCTV; 현장 사진; 드론(필요 시),YOLOv8/YOLOv10(Object); Pose(행동); OCR(표지판); Segmentation(영역위험),,M,precision/recall@IoU50; OCR-accuracy,"≥95% (PPE/OCR), ≥0.5 IoU",CCTV; 현장 사진; 드론(필요 시),Y,
1단계,문서,6.1.2.3,안전보건 기회 평가,기회 평가 프로세스,ISO45001 심사원(AI 에이전트),개선 기회 목록 및 우선순위 확인,성과 향상·적응·관리수단 개선 기회를 체계적으로 평가·우선순위화하는가?,기회 정의·평가기준·우선순위 • 목표·계획과 연계 • 자원·일정 배정,기회→과제화·추적 여부 확인 • 성과지표와 연계성 점검 • 경영검토 반영 확인,기회 항목이 선언적·추적 미흡 • 평가기준 부재 • 자원 미배정,개선기회 목록 • 우선순위 기준 • 실행 로드맵,"JSON keys: {조직중점사항[], 심사원중점사항[], 결함사례[], 판정('적합'|'부적합'|'개선필요'|'관찰'), 심각도('Cat.1'|'Cat.2'|'Cat.3'), 근거증빙[]}","ISO 45001 6.1.2.3 적합성, 정확성·일관성·검증가능성, 법규 준수(해당 시), 개인정보·저작권 준수",,,,"[역할] ISO45001 심사원(AI 에이전트)
[맥락] 6.1.2.3 안전보건 기회 평가 – 개선 기회 목록 및 우선순위 확인
[질문] 성과 향상·적응·관리수단 개선 기회를 체계적으로 평가·우선순위화하는가?
[출력형식] JSON: {""조직중점사항"":[], ""심사원중점사항"":[], ""결함사례"":[], ""판정"":""적합|부적합|개선필요|관찰 중 1"", ""심각도"":""Cat.1|Cat.2|Cat.3 중 1"", ""근거증빙"":[]}
[품질기준] ISO 45001 6.1.2.3 적합성 + 정확성·일관성·검증가능성 + 법규 준수","원본 p.1(비고), p.3 6.1.2.3",,,,,,CCTV; 현장 사진; 드론(필요 시),YOLOv8/YOLOv10(Object); Pose(행동); OCR(표지판); Segmentation(영역위험),,M,precision/recall@IoU50; OCR-accuracy,"≥95% (PPE/OCR), ≥0.5 IoU",CCTV; 현장 사진; 드론(필요 시),Y,
1단계,문서,6.1.3,법적 요구사항 및 기타 요구사항의 결정,법규/기타 요구 식별 프로세스,ISO45001 심사원(AI 에이전트),법규 레지스터 및 준수관리 확인,적용 법규·기타 요구를 결정·갱신·의사소통하고 준수평가와 시정조치를 수행하는가?,최신판 유지·책임자 지정 • 준수평가 주기·방법·조치 • 변경 시 교육·커뮤니케이션,법령 적용범위·의무사항 매핑 • 증빙 보존기간 준수(표-13 참조) • 타 표준·계약 요구 포함 여부,레지스터 최신화 지연 • 준수평가 형식적·조치 미이행 • 보존기간 위반,법규/기타 요구 레지스터 • 준수평가 결과 • 시정조치 기록,"JSON keys: {조직중점사항[], 심사원중점사항[], 결함사례[], 판정('적합'|'부적합'|'개선필요'|'관찰'), 심각도('Cat.1'|'Cat.2'|'Cat.3'), 근거증빙[]}","ISO 45001 6.1.3 적합성, 정확성·일관성·검증가능성, 법규 준수(해당 시), 개인정보·저작권 준수",,,,"[역할] ISO45001 심사원(AI 에이전트)
[맥락] 6.1.3 법적 요구사항 및 기타 요구사항의 결정 – 법규 레지스터 및 준수관리 확인
[질문] 적용 법규·기타 요구를 결정·갱신·의사소통하고 준수평가와 시정조치를 수행하는가?
[출력형식] JSON: {""조직중점사항"":[], ""심사원중점사항"":[], ""결함사례"":[], ""판정"":""적합|부적합|개선필요|관찰 중 1"", ""심각도"":""Cat.1|Cat.2|Cat.3 중 1"", ""근거증빙"":[]}
[품질기준] ISO 45001 6.1.3 적합성 + 정확성·일관성·검증가능성 + 법규 준수","원본 p.3 6.1.3 / p.19 표-13 / p.16 표-8,9",,,,,,CCTV; 현장 사진; 드론(필요 시),YOLOv8/YOLOv10(Object); Pose(행동); OCR(표지판); Segmentation(영역위험),,M,precision/recall@IoU50; OCR-accuracy,"≥95% (PPE/OCR), ≥0.5 IoU",CCTV; 현장 사진; 드론(필요 시),Y,
1단계,문서,6.1.4,조치 기획,,ISO45001 심사원(AI 에이전트),리스크·기회·법규·비상대비 조치 통합 계획,결정된 리스크·기회·법규·비상사태에 대한 조치를 통합·실행·평가하는가?,조치계획의 책임·일정·지표 • 비상대응 계획 포함 • 효과성 평가 루프,조치계획→운영 절차 반영 확인 • 성과지표·완료 기준 명확성 • 변경관리 연계,조치계획 선언적·추적 부재 • 효과성 평가 누락 • 비상계획 미통합,조치 계획서 • 비상계획 • 효과성 평가서,"JSON keys: {조직중점사항[], 심사원중점사항[], 결함사례[], 판정('적합'|'부적합'|'개선필요'|'관찰'), 심각도('Cat.1'|'Cat.2'|'Cat.3'), 근거증빙[]}","ISO 45001 6.1.4 적합성, 정확성·일관성·검증가능성, 법규 준수(해당 시), 개인정보·저작권 준수",,,,"[역할] ISO45001 심사원(AI 에이전트)
[맥락] 6.1.4 조치 기획 – 리스크·기회·법규·비상대비 조치 통합 계획
[질문] 결정된 리스크·기회·법규·비상사태에 대한 조치를 통합·실행·평가하는가?
[출력형식] JSON: {""조직중점사항"":[], ""심사원중점사항"":[], ""결함사례"":[], ""판정"":""적합|부적합|개선필요|관찰 중 1"", ""심각도"":""Cat.1|Cat.2|Cat.3 중 1"", ""근거증빙"":[]}
[품질기준] ISO 45001 6.1.4 적합성 + 정확성·일관성·검증가능성 + 법규 준수",원본 p.3 6.1.4,,,,,,CCTV; 현장 사진; 드론(필요 시),YOLOv8/YOLOv10(Object); Pose(행동); OCR(표지판); Segmentation(영역위험),,M,precision/recall@IoU50; OCR-accuracy,"≥95% (PPE/OCR), ≥0.5 IoU",CCTV; 현장 사진; 드론(필요 시),Y,
1단계,문서,6.2.1,안전보건 목표,,ISO45001 심사원(AI 에이전트),연간 OH&S 목표의 SMART성과 정합성 확인,측정가능·모니터링·의사소통·갱신 가능한 OH&S 목표를 수립하는가?,방침과 일관성 • 지표·목표치 명확 • 모니터링·보고 체계,목표-성과지표 대조 • 공유·인식 상태 점검 • 미달성 시 조치 정의,정성적 슬로건 수준 • 지표·기한·책임 누락 • 부서·계층 분해 미흡,연간 목표표 • 대시보드/보고서 • 커뮤니케이션 기록,"JSON keys: {조직중점사항[], 심사원중점사항[], 결함사례[], 판정('적합'|'부적합'|'개선필요'|'관찰'), 심각도('Cat.1'|'Cat.2'|'Cat.3'), 근거증빙[]}","ISO 45001 6.2.1 적합성, 정확성·일관성·검증가능성, 법규 준수(해당 시), 개인정보·저작권 준수",,,,"[역할] ISO45001 심사원(AI 에이전트)
[맥락] 6.2.1 안전보건 목표 – 연간 OH&S 목표의 SMART성과 정합성 확인
[질문] 측정가능·모니터링·의사소통·갱신 가능한 OH&S 목표를 수립하는가?
[출력형식] JSON: {""조직중점사항"":[], ""심사원중점사항"":[], ""결함사례"":[], ""판정"":""적합|부적합|개선필요|관찰 중 1"", ""심각도"":""Cat.1|Cat.2|Cat.3 중 1"", ""근거증빙"":[]}
[품질기준] ISO 45001 6.2.1 적합성 + 정확성·일관성·검증가능성 + 법규 준수",원본 p.3 6.2(45001),,,,,,CCTV; 현장 사진; 드론(필요 시),YOLOv8/YOLOv10(Object); Pose(행동); OCR(표지판); Segmentation(영역위험),,M,precision/recall@IoU50; OCR-accuracy,"≥95% (PPE/OCR), ≥0.5 IoU",CCTV; 현장 사진; 드론(필요 시),Y,
1단계,문서,6.2.2,목표 달성 기획,,ISO45001 심사원(AI 에이전트),무엇/자원/책임/기한/지표/통합 포함 여부 확인,"목표 달성 계획에 필요 항목(what, resources, responsibility, due, KPI, integration)이 포함되는가?",자원·예산·책임자 지정 • 일정·마일스톤 • 타 프로세스 통합,계획→실적 추적 • 변경·리스크 대응 • 경영검토 반영,계획 미비/추적 부재 • 지표 불명확 • 통합 미흡,목표 달성 계획서 • 실적 추적표,"JSON keys: {조직중점사항[], 심사원중점사항[], 결함사례[], 판정('적합'|'부적합'|'개선필요'|'관찰'), 심각도('Cat.1'|'Cat.2'|'Cat.3'), 근거증빙[]}","ISO 45001 6.2.2 적합성, 정확성·일관성·검증가능성, 법규 준수(해당 시), 개인정보·저작권 준수",,,,"[역할] ISO45001 심사원(AI 에이전트)
[맥락] 6.2.2 목표 달성 기획 – 무엇/자원/책임/기한/지표/통합 포함 여부 확인
[질문] 목표 달성 계획에 필요 항목(what, resources, responsibility, due, KPI, integration)이 포함되는가?
[출력형식] JSON: {""조직중점사항"":[], ""심사원중점사항"":[], ""결함사례"":[], ""판정"":""적합|부적합|개선필요|관찰 중 1"", ""심각도"":""Cat.1|Cat.2|Cat.3 중 1"", ""근거증빙"":[]}
[품질기준] ISO 45001 6.2.2 적합성 + 정확성·일관성·검증가능성 + 법규 준수",원본 p.3 6.2.2,,,,,,CCTV; 현장 사진; 드론(필요 시),YOLOv8/YOLOv10(Object); Pose(행동); OCR(표지판); Segmentation(영역위험),,M,precision/recall@IoU50; OCR-accuracy,"≥95% (PPE/OCR), ≥0.5 IoU",CCTV; 현장 사진; 드론(필요 시),Y,
2단계,문서+인터뷰,7.1,자원,자원(인적/기술/재정/기반구조),ISO45001 심사원(AI 에이전트),자원 제공의 적절성 확인,OH&S MS 수립·유지·개선에 필요한 자원이 결정·제공되는가?,인력·예산·설비·IT/통신·긴급봉쇄 시스템 • 중대재해법 요구와 연계,자원 산정근거 확인 • 배정·집행 기록 검토 • 부족 리스크 평가,자원 요구 미반영 • 집행률 저조 • 긴급 시스템 미비,자산목록 • 예산서 • 투자계획,"JSON keys: {조직중점사항[], 심사원중점사항[], 결함사례[], 판정('적합'|'부적합'|'개선필요'|'관찰'), 심각도('Cat.1'|'Cat.2'|'Cat.3'), 근거증빙[]}","ISO 45001 7.1 적합성, 정확성·일관성·검증가능성, 법규 준수(해당 시), 개인정보·저작권 준수",,,,"[역할] ISO45001 심사원(AI 에이전트)
[맥락] 7.1 자원 – 자원 제공의 적절성 확인
[질문] OH&S MS 수립·유지·개선에 필요한 자원이 결정·제공되는가?
[출력형식] JSON: {""조직중점사항"":[], ""심사원중점사항"":[], ""결함사례"":[], ""판정"":""적합|부적합|개선필요|관찰 중 1"", ""심각도"":""Cat.1|Cat.2|Cat.3 중 1"", ""근거증빙"":[]}
[품질기준] ISO 45001 7.1 적합성 + 정확성·일관성·검증가능성 + 법규 준수",원본 p.4 7.1,,,,,,CCTV; 현장 사진; 드론(필요 시),YOLOv8/YOLOv10(Object); Pose(행동); OCR(표지판); Segmentation(영역위험),,M,precision/recall@IoU50; OCR-accuracy,"≥95% (PPE/OCR), ≥0.5 IoU",CCTV; 현장 사진; 드론(필요 시),Y,
2단계,문서+인터뷰,7.2,역량/적격성,,ISO45001 심사원(AI 에이전트),역량 요구·확보·평가,필요 역량을 결정·확보·평가하고 증거를 보유하는가?,업무분석 기반 역량 요구 • 교육·자격·경험 기록 • 주기적 역량평가,표-10 요구 역량 대비 샘플 점검 • 교육 효과성 검증 • 자격 유효기간 관리,필요 역량 미정의 • 교육 이수만 있고 효과성 검증 없음 • 자격 만료 방치,교육계획/이수 기록 • 자격증 사본 • 역량평가표,"JSON keys: {조직중점사항[], 심사원중점사항[], 결함사례[], 판정('적합'|'부적합'|'개선필요'|'관찰'), 심각도('Cat.1'|'Cat.2'|'Cat.3'), 근거증빙[]}","ISO 45001 7.2 적합성, 정확성·일관성·검증가능성, 법규 준수(해당 시), 개인정보·저작권 준수",,,,"[역할] ISO45001 심사원(AI 에이전트)
[맥락] 7.2 역량/적격성 – 역량 요구·확보·평가
[질문] 필요 역량을 결정·확보·평가하고 증거를 보유하는가?
[출력형식] JSON: {""조직중점사항"":[], ""심사원중점사항"":[], ""결함사례"":[], ""판정"":""적합|부적합|개선필요|관찰 중 1"", ""심각도"":""Cat.1|Cat.2|Cat.3 중 1"", ""근거증빙"":[]}
[품질기준] ISO 45001 7.2 적합성 + 정확성·일관성·검증가능성 + 법규 준수",원본 p.4-5 7.2 / p.16 표-10,,,,,,CCTV; 현장 사진; 드론(필요 시),YOLOv8/YOLOv10(Object); Pose(행동); OCR(표지판); Segmentation(영역위험),,M,precision/recall@IoU50; OCR-accuracy,"≥95% (PPE/OCR), ≥0.5 IoU",CCTV; 현장 사진; 드론(필요 시),Y,
2단계,문서+인터뷰,7.3,인식,,ISO45001 심사원(AI 에이전트),근로자 인식 수준 확인,근로자가 방침·목표·자신의 기여·사건/위험·작업중지권을 인식하는가?,다층 교육·게시·브리핑 • 외국인 등 다언어 지원,인터뷰로 인식 확인 • 자료·게시 상태 확인 • 교육 평가 결과 검토,인식 문항 누락(작업중지권 등) • 교육 후 평가 부재 • 내부게시 미흡,교육자료/결과 • 게시물 • 회의록,"JSON keys: {조직중점사항[], 심사원중점사항[], 결함사례[], 판정('적합'|'부적합'|'개선필요'|'관찰'), 심각도('Cat.1'|'Cat.2'|'Cat.3'), 근거증빙[]}","ISO 45001 7.3 적합성, 정확성·일관성·검증가능성, 법규 준수(해당 시), 개인정보·저작권 준수",,,,"[역할] ISO45001 심사원(AI 에이전트)
[맥락] 7.3 인식 – 근로자 인식 수준 확인
[질문] 근로자가 방침·목표·자신의 기여·사건/위험·작업중지권을 인식하는가?
[출력형식] JSON: {""조직중점사항"":[], ""심사원중점사항"":[], ""결함사례"":[], ""판정"":""적합|부적합|개선필요|관찰 중 1"", ""심각도"":""Cat.1|Cat.2|Cat.3 중 1"", ""근거증빙"":[]}
[품질기준] ISO 45001 7.3 적합성 + 정확성·일관성·검증가능성 + 법규 준수",원본 p.5 7.3,,,,,,CCTV; 현장 사진; 드론(필요 시),YOLOv8/YOLOv10(Object); Pose(행동); OCR(표지판); Segmentation(영역위험),,M,precision/recall@IoU50; OCR-accuracy,"≥95% (PPE/OCR), ≥0.5 IoU",CCTV; 현장 사진; 드론(필요 시),Y,
2단계,문서+인터뷰,7.4.1,의사소통(일반),내·외부 의사소통 프로세스,ISO45001 심사원(AI 에이전트),의사소통 체계(what/when/who/how) 확인,OH&S 관련 내·외부 의사소통 프로세스를 수립·실행·유지하는가?,채널·주기·책임 정의 • 법규 요구 반영 • 기록 보유,표-11 타 조항의 의사소통 요구 반영 여부 • 로그 표본 검토 • 비상 연락망 확인,채널만 나열·실행기록 없음 • 외부기관 보고 누락 • 다언어 미지원,의사소통 계획 • 로그/공지 • 비상연락망,"JSON keys: {조직중점사항[], 심사원중점사항[], 결함사례[], 판정('적합'|'부적합'|'개선필요'|'관찰'), 심각도('Cat.1'|'Cat.2'|'Cat.3'), 근거증빙[]}","ISO 45001 7.4.1 적합성, 정확성·일관성·검증가능성, 법규 준수(해당 시), 개인정보·저작권 준수",,,,"[역할] ISO45001 심사원(AI 에이전트)
[맥락] 7.4.1 의사소통(일반) – 의사소통 체계(what/when/who/how) 확인
[질문] OH&S 관련 내·외부 의사소통 프로세스를 수립·실행·유지하는가?
[출력형식] JSON: {""조직중점사항"":[], ""심사원중점사항"":[], ""결함사례"":[], ""판정"":""적합|부적합|개선필요|관찰 중 1"", ""심각도"":""Cat.1|Cat.2|Cat.3 중 1"", ""근거증빙"":[]}
[품질기준] ISO 45001 7.4.1 적합성 + 정확성·일관성·검증가능성 + 법규 준수",원본 p.5 7.4 / p.17 표-11,공지 게시판; 사내 디지털 사이니지,안전방침 게시물; 공지 포스터,,,,CCTV; 현장 사진; 드론(필요 시),OCR(게시판 문안); YOLOv8/YOLOv10(Object); Pose(행동); OCR(표지판); Segmentation(영역위험),방침 최신본 게시 확인; OCR 문안 일치율 ≥ 95%,H,precision/recall@IoU50; OCR-accuracy,"≥95% (PPE/OCR), ≥0.5 IoU",CCTV; 현장 사진; 드론(필요 시),Y,
2단계,문서+인터뷰,7.4.2,내부 의사소통,,ISO45001 심사원(AI 에이전트),다계층 내부 정보공유 확인,조직의 다양한 계층/부서 간 정보가 적정 수준으로 공유되는가?,현장 브리핑·회의체 운영 • 피드백 반영 • 지속개선 기여,회의록·공지 샘플 확인 • 피드백→조치 추적 • 근로자 체감 인터뷰,하향식 일방소통 • 피드백 경로 부재 • 현장 반영 미흡,사내 공지 • 타운홀/회의록,"JSON keys: {조직중점사항[], 심사원중점사항[], 결함사례[], 판정('적합'|'부적합'|'개선필요'|'관찰'), 심각도('Cat.1'|'Cat.2'|'Cat.3'), 근거증빙[]}","ISO 45001 7.4.2 적합성, 정확성·일관성·검증가능성, 법규 준수(해당 시), 개인정보·저작권 준수",,,,"[역할] ISO45001 심사원(AI 에이전트)
[맥락] 7.4.2 내부 의사소통 – 다계층 내부 정보공유 확인
[질문] 조직의 다양한 계층/부서 간 정보가 적정 수준으로 공유되는가?
[출력형식] JSON: {""조직중점사항"":[], ""심사원중점사항"":[], ""결함사례"":[], ""판정"":""적합|부적합|개선필요|관찰 중 1"", ""심각도"":""Cat.1|Cat.2|Cat.3 중 1"", ""근거증빙"":[]}
[품질기준] ISO 45001 7.4.2 적합성 + 정확성·일관성·검증가능성 + 법규 준수",원본 p.5 7.4.2,공지 게시판; 사내 디지털 사이니지,안전방침 게시물; 공지 포스터,,,,CCTV; 현장 사진; 드론(필요 시),OCR(게시판 문안); YOLOv8/YOLOv10(Object); Pose(행동); OCR(표지판); Segmentation(영역위험),방침 최신본 게시 확인; OCR 문안 일치율 ≥ 95%,H,precision/recall@IoU50; OCR-accuracy,"≥95% (PPE/OCR), ≥0.5 IoU",CCTV; 현장 사진; 드론(필요 시),Y,
2단계,문서+인터뷰,7.4.3,외부 의사소통,,ISO45001 심사원(AI 에이전트),대외 커뮤니케이션 및 신고/보고 확인,법규·기타 요구에 따른 외부 의사소통을 수행하는가? (허가/신고/보고 포함),기관 보고·허가·신고 체계 • 비상 시 외부 커뮤니케이션,법정 보고 증빙 확인 • 비상 대응 시 외부기관 연락 계획 • 이해관계자 통보,법정 보고 지연/누락 • 외부 연락 창구 불명확 • 記錄 부재,대외 공문 • 기관 보고 기록 • 비상 연락 계획,"JSON keys: {조직중점사항[], 심사원중점사항[], 결함사례[], 판정('적합'|'부적합'|'개선필요'|'관찰'), 심각도('Cat.1'|'Cat.2'|'Cat.3'), 근거증빙[]}","ISO 45001 7.4.3 적합성, 정확성·일관성·검증가능성, 법규 준수(해당 시), 개인정보·저작권 준수",,,,"[역할] ISO45001 심사원(AI 에이전트)
[맥락] 7.4.3 외부 의사소통 – 대외 커뮤니케이션 및 신고/보고 확인
[질문] 법규·기타 요구에 따른 외부 의사소통을 수행하는가? (허가/신고/보고 포함)
[출력형식] JSON: {""조직중점사항"":[], ""심사원중점사항"":[], ""결함사례"":[], ""판정"":""적합|부적합|개선필요|관찰 중 1"", ""심각도"":""Cat.1|Cat.2|Cat.3 중 1"", ""근거증빙"":[]}
[품질기준] ISO 45001 7.4.3 적합성 + 정확성·일관성·검증가능성 + 법규 준수",원본 p.5 7.4.3,공지 게시판; 사내 디지털 사이니지,안전방침 게시물; 공지 포스터,,,,CCTV; 현장 사진; 드론(필요 시),OCR(게시판 문안); YOLOv8/YOLOv10(Object); Pose(행동); OCR(표지판); Segmentation(영역위험),방침 최신본 게시 확인; OCR 문안 일치율 ≥ 95%,H,precision/recall@IoU50; OCR-accuracy,"≥95% (PPE/OCR), ≥0.5 IoU",CCTV; 현장 사진; 드론(필요 시),Y,
1단계,문서,7.5.1,문서화된 정보(일반),,ISO45001 심사원(AI 에이전트),문서·기록 요건 충족 여부,표준이 요구하는 문서(유지)와 기록(보유)을 구분·관리하는가?,필수 문서와 조직 필요 문서 구분 • 법 제25조 안전보건관리규정 보유 • 보존기간 준수(표-13),문서목록·외부문서 관리 확인 • 접근·보호·가독성 확인 • 보존기간 대장 점검,문서·기록 구분 혼선 • 외부문서 최신본 미유지 • 보존기간 위반,문서관리 절차 • 문서목록/배포대장 • 보존대장,"JSON keys: {조직중점사항[], 심사원중점사항[], 결함사례[], 판정('적합'|'부적합'|'개선필요'|'관찰'), 심각도('Cat.1'|'Cat.2'|'Cat.3'), 근거증빙[]}","ISO 45001 7.5.1 적합성, 정확성·일관성·검증가능성, 법규 준수(해당 시), 개인정보·저작권 준수",,,,"[역할] ISO45001 심사원(AI 에이전트)
[맥락] 7.5.1 문서화된 정보(일반) – 문서·기록 요건 충족 여부
[질문] 표준이 요구하는 문서(유지)와 기록(보유)을 구분·관리하는가?
[출력형식] JSON: {""조직중점사항"":[], ""심사원중점사항"":[], ""결함사례"":[], ""판정"":""적합|부적합|개선필요|관찰 중 1"", ""심각도"":""Cat.1|Cat.2|Cat.3 중 1"", ""근거증빙"":[]}
[품질기준] ISO 45001 7.5.1 적합성 + 정확성·일관성·검증가능성 + 법규 준수",원본 p.5-6 7.5 / p.18 표-12 / p.19 표-13,,,,,,CCTV; 현장 사진; 드론(필요 시),YOLOv8/YOLOv10(Object); Pose(행동); OCR(표지판); Segmentation(영역위험),,M,precision/recall@IoU50; OCR-accuracy,"≥95% (PPE/OCR), ≥0.5 IoU",CCTV; 현장 사진; 드론(필요 시),Y,
1단계,문서,7.5.2,작성 및 갱신,,ISO45001 심사원(AI 에이전트),문서 작성·승인 적정성,식별·형식/매체·검토·승인 절차가 적절한가?,문서번호/제목/작성자/일자 • 형식·매체 정의 • 검토·승인 기록,표준 미반영 항목 보완 여부 • 전자/종이 혼용 관리 확인,검토·승인 누락 • 버전·형식 불일치,문서 제·개정 심의서 • 승인기록,"JSON keys: {조직중점사항[], 심사원중점사항[], 결함사례[], 판정('적합'|'부적합'|'개선필요'|'관찰'), 심각도('Cat.1'|'Cat.2'|'Cat.3'), 근거증빙[]}","ISO 45001 7.5.2 적합성, 정확성·일관성·검증가능성, 법규 준수(해당 시), 개인정보·저작권 준수",,,,"[역할] ISO45001 심사원(AI 에이전트)
[맥락] 7.5.2 작성 및 갱신 – 문서 작성·승인 적정성
[질문] 식별·형식/매체·검토·승인 절차가 적절한가?
[출력형식] JSON: {""조직중점사항"":[], ""심사원중점사항"":[], ""결함사례"":[], ""판정"":""적합|부적합|개선필요|관찰 중 1"", ""심각도"":""Cat.1|Cat.2|Cat.3 중 1"", ""근거증빙"":[]}
[품질기준] ISO 45001 7.5.2 적합성 + 정확성·일관성·검증가능성 + 법규 준수",원본 p.6 7.5.2,,,,,,CCTV; 현장 사진; 드론(필요 시),YOLOv8/YOLOv10(Object); Pose(행동); OCR(표지판); Segmentation(영역위험),,M,precision/recall@IoU50; OCR-accuracy,"≥95% (PPE/OCR), ≥0.5 IoU",CCTV; 현장 사진; 드론(필요 시),Y,
1단계,문서,7.5.3,문서화된 정보의 관리,,ISO45001 심사원(AI 에이전트),배포·접근·보관·변경·폐기·외부문서 관리,필요 시 사용가능·적정·보호되고 외부 출처 문서가 관리되는가?,배포/접근/검색/사용 용이 • 보관·보존·가독성 • 변경이력·폐기 • 외부문서(MSDS 등) 관리,근로자·대표 접근 권한 확인 • 외부문서 최신본 유지 확인,접근권한 과도 제한 • 변경이력 미관리 • 외부문서 식별 미흡,접근권한표 • 변경이력 • 외부문서 대장,"JSON keys: {조직중점사항[], 심사원중점사항[], 결함사례[], 판정('적합'|'부적합'|'개선필요'|'관찰'), 심각도('Cat.1'|'Cat.2'|'Cat.3'), 근거증빙[]}","ISO 45001 7.5.3 적합성, 정확성·일관성·검증가능성, 법규 준수(해당 시), 개인정보·저작권 준수",,,,"[역할] ISO45001 심사원(AI 에이전트)
[맥락] 7.5.3 문서화된 정보의 관리 – 배포·접근·보관·변경·폐기·외부문서 관리
[질문] 필요 시 사용가능·적정·보호되고 외부 출처 문서가 관리되는가?
[출력형식] JSON: {""조직중점사항"":[], ""심사원중점사항"":[], ""결함사례"":[], ""판정"":""적합|부적합|개선필요|관찰 중 1"", ""심각도"":""Cat.1|Cat.2|Cat.3 중 1"", ""근거증빙"":[]}
[품질기준] ISO 45001 7.5.3 적합성 + 정확성·일관성·검증가능성 + 법규 준수",원본 p.6 7.5.3,,,,,,CCTV; 현장 사진; 드론(필요 시),YOLOv8/YOLOv10(Object); Pose(행동); OCR(표지판); Segmentation(영역위험),,M,precision/recall@IoU50; OCR-accuracy,"≥95% (PPE/OCR), ≥0.5 IoU",CCTV; 현장 사진; 드론(필요 시),Y,
2단계,프로세스+현장,8.1.1,운용 기획 및 관리(일반),운영 기준 수립/관리 프로세스,ISO45001 심사원(AI 에이전트),운영 프로세스의 기준과 실행 확인,6절 결정 조치를 달성하기 위한 운영기준을 결정·관리하고 있는가?,활동흐름/방법/SOP·점검표 • 측정지표·책임·자원 • 복수 사업주 조정,법적 요구사항 반영 여부 • 절차 유지·기록 보유 구분 확인,운영 기준 미정의 • 조정 부재(타 사업주) • 기록 미보유,SOP/작업표준서 • 점검 기준 • 법규 준수 근거,"JSON keys: {조직중점사항[], 심사원중점사항[], 결함사례[], 판정('적합'|'부적합'|'개선필요'|'관찰'), 심각도('Cat.1'|'Cat.2'|'Cat.3'), 근거증빙[]}","ISO 45001 8.1.1 적합성, 정확성·일관성·검증가능성, 법규 준수(해당 시), 개인정보·저작권 준수",,,,"[역할] ISO45001 심사원(AI 에이전트)
[맥락] 8.1.1 운용 기획 및 관리(일반) – 운영 프로세스의 기준과 실행 확인
[질문] 6절 결정 조치를 달성하기 위한 운영기준을 결정·관리하고 있는가?
[출력형식] JSON: {""조직중점사항"":[], ""심사원중점사항"":[], ""결함사례"":[], ""판정"":""적합|부적합|개선필요|관찰 중 1"", ""심각도"":""Cat.1|Cat.2|Cat.3 중 1"", ""근거증빙"":[]}
[품질기준] ISO 45001 8.1.1 적합성 + 정확성·일관성·검증가능성 + 법규 준수",원본 p.7 8.1.1,,,,,,CCTV; 현장 사진; 드론(필요 시),YOLOv8/YOLOv10(Object); Pose(행동); OCR(표지판); Segmentation(영역위험),,M,precision/recall@IoU50; OCR-accuracy,"≥95% (PPE/OCR), ≥0.5 IoU",CCTV; 현장 사진; 드론(필요 시),Y,
2단계,현장,8.1.2,위험요인 제거 및 리스크 감소,위험저감(계층화) 적용,ISO45001 심사원(AI 에이전트),현장 통제계층 적용 상태 확인,위험 제거→대체→공학적→행정적→PPE의 순서로 통제가 적용되는가? ALARP 검토 포함,공학적/행정적 통제의 실효성 • PPE 지급·착용·교육 • 조치 후 효과 확인,통제 단계를 우선순위대로 적용했는지 • 법적 우선조치 준수 • 유해물질 관리,PPE 의존(상위 통제 부재) • 효과성 확인 미실시 • 유해물질 MSDS 미비,JSA/JHA • 통제 계획/기록 • PPE 지급대장/교육,"JSON keys: {조직중점사항[], 심사원중점사항[], 결함사례[], 판정('적합'|'부적합'|'개선필요'|'관찰'), 심각도('Cat.1'|'Cat.2'|'Cat.3'), 근거증빙[]}","ISO 45001 8.1.2 적합성, 정확성·일관성·검증가능성, 법규 준수(해당 시), 개인정보·저작권 준수",,,,"[역할] ISO45001 심사원(AI 에이전트)
[맥락] 8.1.2 위험요인 제거 및 리스크 감소 – 현장 통제계층 적용 상태 확인
[질문] 위험 제거→대체→공학적→행정적→PPE의 순서로 통제가 적용되는가? ALARP 검토 포함
[출력형식] JSON: {""조직중점사항"":[], ""심사원중점사항"":[], ""결함사례"":[], ""판정"":""적합|부적합|개선필요|관찰 중 1"", ""심각도"":""Cat.1|Cat.2|Cat.3 중 1"", ""근거증빙"":[]}
[품질기준] ISO 45001 8.1.2 적합성 + 정확성·일관성·검증가능성 + 법규 준수",원본 p.7-8 8.1.2 / p.20 표-14,,,,,,CCTV; 현장 사진; 드론(필요 시),YOLOv8/YOLOv10(Object); Pose(행동); OCR(표지판); Segmentation(영역위험),,M,precision/recall@IoU50; OCR-accuracy,"≥95% (PPE/OCR), ≥0.5 IoU",CCTV; 현장 사진; 드론(필요 시),Y,
2단계,프로세스+문서,8.1.3,변경 관리,MOC 프로세스,ISO45001 심사원(AI 에이전트),계획·임시·영구·의도치 않은 변경 관리,변경이 OH&S 성과에 미치는 영향을 사전평가·관리하는가?,변경 트리거·평가·승인·검증 • 4M 관점 반영 • 사후 검토,변경 기록 추적성 • 임시 변경 종료·원복 통제 • 사고/부적합 연계,변경 시 위험평가 누락 • 임시 변경 상시화 • 원복 통제 미흡,MOC 절차 • 변경 평가서 • 사전·사후 검토 기록,"JSON keys: {조직중점사항[], 심사원중점사항[], 결함사례[], 판정('적합'|'부적합'|'개선필요'|'관찰'), 심각도('Cat.1'|'Cat.2'|'Cat.3'), 근거증빙[]}","ISO 45001 8.1.3 적합성, 정확성·일관성·검증가능성, 법규 준수(해당 시), 개인정보·저작권 준수",,,,"[역할] ISO45001 심사원(AI 에이전트)
[맥락] 8.1.3 변경 관리 – 계획·임시·영구·의도치 않은 변경 관리
[질문] 변경이 OH&S 성과에 미치는 영향을 사전평가·관리하는가?
[출력형식] JSON: {""조직중점사항"":[], ""심사원중점사항"":[], ""결함사례"":[], ""판정"":""적합|부적합|개선필요|관찰 중 1"", ""심각도"":""Cat.1|Cat.2|Cat.3 중 1"", ""근거증빙"":[]}
[품질기준] ISO 45001 8.1.3 적합성 + 정확성·일관성·검증가능성 + 법규 준수",원본 p.7 8.1.3,,,,,,CCTV; 현장 사진; 드론(필요 시),YOLOv8/YOLOv10(Object); Pose(행동); OCR(표지판); Segmentation(영역위험),,M,precision/recall@IoU50; OCR-accuracy,"≥95% (PPE/OCR), ≥0.5 IoU",CCTV; 현장 사진; 드론(필요 시),Y,
2단계,문서+현장,8.1.4.1,조달,조달 프로세스,ISO45001 심사원(AI 에이전트),조달 사전 점검 및 안전보건 조건 반영,조달 품목·서비스에 OH&S 조건을 명시·평가하고 입고 전 점검을 수행하는가?,사양서에 안전요건 명기 • MSDS/유해자재 관리 • 입고 전 점검·리스크 평가,사전 검토·승인 흐름 확인 • 사용 전 주의사항 의사소통 • 도급·위탁 범위/책임 명시,사양서에 안전요건 누락 • MSDS 미관리 • 사전 점검 미실시,발주/시방서 • MSDS 대장 • 입고 점검 기록,"JSON keys: {조직중점사항[], 심사원중점사항[], 결함사례[], 판정('적합'|'부적합'|'개선필요'|'관찰'), 심각도('Cat.1'|'Cat.2'|'Cat.3'), 근거증빙[]}","ISO 45001 8.1.4.1 적합성, 정확성·일관성·검증가능성, 법규 준수(해당 시), 개인정보·저작권 준수",,,,"[역할] ISO45001 심사원(AI 에이전트)
[맥락] 8.1.4.1 조달 – 조달 사전 점검 및 안전보건 조건 반영
[질문] 조달 품목·서비스에 OH&S 조건을 명시·평가하고 입고 전 점검을 수행하는가?
[출력형식] JSON: {""조직중점사항"":[], ""심사원중점사항"":[], ""결함사례"":[], ""판정"":""적합|부적합|개선필요|관찰 중 1"", ""심각도"":""Cat.1|Cat.2|Cat.3 중 1"", ""근거증빙"":[]}
[품질기준] ISO 45001 8.1.4.1 적합성 + 정확성·일관성·검증가능성 + 법규 준수",원본 p.8 8.1.4.1,출입구 등록대; 현장 계약자 활동,출입증/배지; 방문자 조끼; 계약자 표지,,,VISITOR; CONTRACTOR,CCTV; 현장 사진; 드론(필요 시),OCR(출입증); YOLO(Object); YOLOv8/YOLOv10(Object); Pose(행동); OCR(표지판); Segmentation(영역위험),미등록 출입자 0건; 배지 가시성 ≥ 95% 프레임,H,precision/recall@IoU50; OCR-accuracy,"≥95% (PPE/OCR), ≥0.5 IoU",CCTV; 현장 사진; 드론(필요 시),Y,
2단계,문서+현장,8.1.4.2,계약자,계약자 관리 프로세스,ISO45001 심사원(AI 에이전트),도급·용역·위탁 계약자 관리,"유해·위험요인 평가, 자격 기준, 계약 조항, 정보공유, 작업허가, 교육, 사후평가가 체계적인가?",선정 기준에 안전보건 역량 포함 • 계약서에 책임/기준 명기 • 정기 평가/개선,정보 공유 채널·합동 점검 • 작업허가제 운영 • 법 제58~66 준수,선정 시 안전평가 생략 • 계약 조항 미비 • 허가·교육 기록 부재,선정 매뉴얼 • 협력업체 평가표 • 계약서 • 정보공유 기록,"JSON keys: {조직중점사항[], 심사원중점사항[], 결함사례[], 판정('적합'|'부적합'|'개선필요'|'관찰'), 심각도('Cat.1'|'Cat.2'|'Cat.3'), 근거증빙[]}","ISO 45001 8.1.4.2 적합성, 정확성·일관성·검증가능성, 법규 준수(해당 시), 개인정보·저작권 준수",,,,"[역할] ISO45001 심사원(AI 에이전트)
[맥락] 8.1.4.2 계약자 – 도급·용역·위탁 계약자 관리
[질문] 유해·위험요인 평가, 자격 기준, 계약 조항, 정보공유, 작업허가, 교육, 사후평가가 체계적인가?
[출력형식] JSON: {""조직중점사항"":[], ""심사원중점사항"":[], ""결함사례"":[], ""판정"":""적합|부적합|개선필요|관찰 중 1"", ""심각도"":""Cat.1|Cat.2|Cat.3 중 1"", ""근거증빙"":[]}
[품질기준] ISO 45001 8.1.4.2 적합성 + 정확성·일관성·검증가능성 + 법규 준수",원본 p.8 8.1.4.2 / p.21-22 표-16~18,출입구 등록대; 현장 계약자 활동,출입증/배지; 방문자 조끼; 계약자 표지,,,VISITOR; CONTRACTOR,CCTV; 현장 사진; 드론(필요 시),OCR(출입증); YOLO(Object); YOLOv8/YOLOv10(Object); Pose(행동); OCR(표지판); Segmentation(영역위험),미등록 출입자 0건; 배지 가시성 ≥ 95% 프레임,H,precision/recall@IoU50; OCR-accuracy,"≥95% (PPE/OCR), ≥0.5 IoU",CCTV; 현장 사진; 드론(필요 시),Y,
2단계,문서+현장,8.1.4.3,외주처리,외부공급자 관리,ISO45001 심사원(AI 에이전트),외주 프로세스 관리 및 능력 평가,외주 기능/프로세스에 대해 안전보건 관리 방식과 정도를 규정·적용하는가?,선정·사후평가에 안전요건 포함 • 법적 요구 준수 • 의도한 결과 충족성 평가,계약서 안전보건 항목 확인 • 성과·준수 평가 기록 • 위험성 평가 포함,외주 안전평가 누락 • 계약서 안전조항 없음 • 성과평가 미실시,외주 처리 지침 • 외주업체 평가표 • 표준 계약서,"JSON keys: {조직중점사항[], 심사원중점사항[], 결함사례[], 판정('적합'|'부적합'|'개선필요'|'관찰'), 심각도('Cat.1'|'Cat.2'|'Cat.3'), 근거증빙[]}","ISO 45001 8.1.4.3 적합성, 정확성·일관성·검증가능성, 법규 준수(해당 시), 개인정보·저작권 준수",,,,"[역할] ISO45001 심사원(AI 에이전트)
[맥락] 8.1.4.3 외주처리 – 외주 프로세스 관리 및 능력 평가
[질문] 외주 기능/프로세스에 대해 안전보건 관리 방식과 정도를 규정·적용하는가?
[출력형식] JSON: {""조직중점사항"":[], ""심사원중점사항"":[], ""결함사례"":[], ""판정"":""적합|부적합|개선필요|관찰 중 1"", ""심각도"":""Cat.1|Cat.2|Cat.3 중 1"", ""근거증빙"":[]}
[품질기준] ISO 45001 8.1.4.3 적합성 + 정확성·일관성·검증가능성 + 법규 준수",원본 p.8 8.1.4.3 / p.22 표-19,출입구 등록대; 현장 계약자 활동,출입증/배지; 방문자 조끼; 계약자 표지,,,VISITOR; CONTRACTOR,CCTV; 현장 사진; 드론(필요 시),OCR(출입증); YOLO(Object); YOLOv8/YOLOv10(Object); Pose(행동); OCR(표지판); Segmentation(영역위험),미등록 출입자 0건; 배지 가시성 ≥ 95% 프레임,H,precision/recall@IoU50; OCR-accuracy,"≥95% (PPE/OCR), ≥0.5 IoU",CCTV; 현장 사진; 드론(필요 시),Y,
2단계,현장+문서,8.2,비상대비 및 대응,EPR 프로세스,ISO45001 심사원(AI 에이전트),시나리오·훈련·장비·의사소통 확인,잠재적 비상사태 시나리오 작성·훈련·평가·개정이 이루어지는가?,훈련 계획·결과의 정기 검토 • 장비 점검·시험 • 내/외부 의사소통,시나리오 범위·주기 확인 • 훈련 효과성 평가 • 기관 보고 체계,훈련 형식적·개선 미반영 • 장비 미점검 • 비상 연락망 부재,비상계획/시나리오 • 훈련 보고서 • 장비 점검표 • 연락망,"JSON keys: {조직중점사항[], 심사원중점사항[], 결함사례[], 판정('적합'|'부적합'|'개선필요'|'관찰'), 심각도('Cat.1'|'Cat.2'|'Cat.3'), 근거증빙[]}","ISO 45001 8.2 적합성, 정확성·일관성·검증가능성, 법규 준수(해당 시), 개인정보·저작권 준수",,,,"[역할] ISO45001 심사원(AI 에이전트)
[맥락] 8.2 비상대비 및 대응 – 시나리오·훈련·장비·의사소통 확인
[질문] 잠재적 비상사태 시나리오 작성·훈련·평가·개정이 이루어지는가?
[출력형식] JSON: {""조직중점사항"":[], ""심사원중점사항"":[], ""결함사례"":[], ""판정"":""적합|부적합|개선필요|관찰 중 1"", ""심각도"":""Cat.1|Cat.2|Cat.3 중 1"", ""근거증빙"":[]}
[품질기준] ISO 45001 8.2 적합성 + 정확성·일관성·검증가능성 + 법규 준수",원본 p.8 8.2,대피 훈련; 비상구/유도등; 소화기 비치 구역,비상구 표지; 유도등; 소화기; 비상벨; 피난안내도,,,EXIT; 비상구; 소화기; 화재 시 엘리베이터 사용 금지,CCTV; 현장 사진; 드론(필요 시),OCR(표지판/점검표); YOLO(Object); YOLOv8/YOLOv10(Object); Pose(행동); OCR(표지판); Segmentation(영역위험),비상구 차폐 없음; 소화기 접근거리 기준 충족; 표지 OCR 인식률 ≥ 95%,H,precision/recall@IoU50; OCR-accuracy,"≥95% (PPE/OCR), ≥0.5 IoU",CCTV; 현장 사진; 드론(필요 시),Y,
1단계,문서,9.1.1,모니터링·측정·분석·성과평가,성과평가 프로세스,ISO45001 심사원(AI 에이전트),모니터링/측정 계획과 결과 검토,무엇/방법/기준/시기 정의 및 결과 분석·평가·의사소통을 수행하는가?,지표(재해율 등)·대상·방법·주기 • 교정/검증된 장비 사용 • 결과 분석·보고,계획 대비 실행 검토 • 장비 교정/검정 기록 확인 • 분석 결과의 개선 연계,측정 장비 미교정 • 분석·평가 미흡 • 보고·의사소통 누락,모니터링 계획 • 측정 기록 • 분석 보고 • 장비 교정기록,"JSON keys: {조직중점사항[], 심사원중점사항[], 결함사례[], 판정('적합'|'부적합'|'개선필요'|'관찰'), 심각도('Cat.1'|'Cat.2'|'Cat.3'), 근거증빙[]}","ISO 45001 9.1.1 적합성, 정확성·일관성·검증가능성, 법규 준수(해당 시), 개인정보·저작권 준수",,,,"[역할] ISO45001 심사원(AI 에이전트)
[맥락] 9.1.1 모니터링·측정·분석·성과평가 – 모니터링/측정 계획과 결과 검토
[질문] 무엇/방법/기준/시기 정의 및 결과 분석·평가·의사소통을 수행하는가?
[출력형식] JSON: {""조직중점사항"":[], ""심사원중점사항"":[], ""결함사례"":[], ""판정"":""적합|부적합|개선필요|관찰 중 1"", ""심각도"":""Cat.1|Cat.2|Cat.3 중 1"", ""근거증빙"":[]}
[품질기준] ISO 45001 9.1.1 적합성 + 정확성·일관성·검증가능성 + 법규 준수",원본 p.10 9.1.1 / p.23 표-20,라인 CCTV; 계기/패널 판독,계측기 표시; 경고등; 작업속도 표시,,,,CCTV; 현장 사진; 드론(필요 시),OCR(계기판); Anomaly Detection(이상행동); YOLOv8/YOLOv10(Object); Pose(행동); OCR(표지판); Segmentation(영역위험),계기판 OCR 에러율 ≤ 5%,H,precision/recall@IoU50; OCR-accuracy,"≥95% (PPE/OCR), ≥0.5 IoU",CCTV; 현장 사진; 드론(필요 시),Y,
1단계,문서,9.1.2,준수평가,법규 준수평가 프로세스,ISO45001 심사원(AI 에이전트),법규·기타 요구 준수평가 실행,준수평가 계획·역할·방법·기록·시정조치가 체계적인가?,평가 체크리스트·주기 • 평가자의 법령 지식 • 결과 조치·추적,평가 샘플 확인 • 조치의 근본원인 분석 • 재발 방지 검토,평가 형식적 • 시정조치 미흡 • 근거 기록 부재,준수평가 계획/체크리스트 • 평가자 자격 • 조치 기록,"JSON keys: {조직중점사항[], 심사원중점사항[], 결함사례[], 판정('적합'|'부적합'|'개선필요'|'관찰'), 심각도('Cat.1'|'Cat.2'|'Cat.3'), 근거증빙[]}","ISO 45001 9.1.2 적합성, 정확성·일관성·검증가능성, 법규 준수(해당 시), 개인정보·저작권 준수",,,,"[역할] ISO45001 심사원(AI 에이전트)
[맥락] 9.1.2 준수평가 – 법규·기타 요구 준수평가 실행
[질문] 준수평가 계획·역할·방법·기록·시정조치가 체계적인가?
[출력형식] JSON: {""조직중점사항"":[], ""심사원중점사항"":[], ""결함사례"":[], ""판정"":""적합|부적합|개선필요|관찰 중 1"", ""심각도"":""Cat.1|Cat.2|Cat.3 중 1"", ""근거증빙"":[]}
[품질기준] ISO 45001 9.1.2 적합성 + 정확성·일관성·검증가능성 + 법규 준수",원본 p.10 9.1.2,라인 CCTV; 계기/패널 판독,계측기 표시; 경고등; 작업속도 표시,,,,CCTV; 현장 사진; 드론(필요 시),OCR(계기판); Anomaly Detection(이상행동); YOLOv8/YOLOv10(Object); Pose(행동); OCR(표지판); Segmentation(영역위험),계기판 OCR 에러율 ≤ 5%,H,precision/recall@IoU50; OCR-accuracy,"≥95% (PPE/OCR), ≥0.5 IoU",CCTV; 현장 사진; 드론(필요 시),Y,
1단계,문서,9.2,내부심사,내부심사 프로그램,ISO45001 심사원(AI 에이전트),연간 계획·수행·보고·조치 확인,독립성·자격·위험기반 계획·결과보고·시정조치 추적이 적절한가?,연간계획(위험기반) • 자격·독립성 • 이전 결과 반영,체크리스트·보고서 검토 • 시정조치 효과성 확인 • 경영자 및 근로자 대표 보고,자격·독립성 미확보 • 계획에 위험 고려 없음 • 결과 보고/추적 미흡,내부심사 절차 • 계획/통보서 • 보고서 • 시정조치 대장,"JSON keys: {조직중점사항[], 심사원중점사항[], 결함사례[], 판정('적합'|'부적합'|'개선필요'|'관찰'), 심각도('Cat.1'|'Cat.2'|'Cat.3'), 근거증빙[]}","ISO 45001 9.2 적합성, 정확성·일관성·검증가능성, 법규 준수(해당 시), 개인정보·저작권 준수",,,,"[역할] ISO45001 심사원(AI 에이전트)
[맥락] 9.2 내부심사 – 연간 계획·수행·보고·조치 확인
[질문] 독립성·자격·위험기반 계획·결과보고·시정조치 추적이 적절한가?
[출력형식] JSON: {""조직중점사항"":[], ""심사원중점사항"":[], ""결함사례"":[], ""판정"":""적합|부적합|개선필요|관찰 중 1"", ""심각도"":""Cat.1|Cat.2|Cat.3 중 1"", ""근거증빙"":[]}
[품질기준] ISO 45001 9.2 적합성 + 정확성·일관성·검증가능성 + 법규 준수",원본 p.10 9.2,라인 CCTV; 계기/패널 판독,계측기 표시; 경고등; 작업속도 표시,,,,CCTV; 현장 사진; 드론(필요 시),OCR(계기판); Anomaly Detection(이상행동); YOLOv8/YOLOv10(Object); Pose(행동); OCR(표지판); Segmentation(영역위험),계기판 OCR 에러율 ≤ 5%,H,precision/recall@IoU50; OCR-accuracy,"≥95% (PPE/OCR), ≥0.5 IoU",CCTV; 현장 사진; 드론(필요 시),Y,
1단계,문서+인터뷰,9.3,경영검토,,ISO45001 심사원(AI 에이전트),경영검토 입력·출력 및 리더십 개입 확인,최고경영자가 경영검토를 통해 적절성·충족성·효과성을 판단하고 필요한 의사결정을 내리는가?,"입력항목(변경, 성과, 목표, 준수, 자원 등) 포괄 • 출력(개선·자원·목표 조정·통합 기회) • 결과의 의사소통",검토 시기·주기 확인(내부심사 후 등) • 출력→조치 추적 • 근로자 대표에 결과 의사소통,입력/출력 필수항목 누락 • 조치 미추적 • 리더 참여 형식적,경영검토 보고서 • 지시사항/이행 보고 • 회의록/의사소통 기록,"JSON keys: {조직중점사항[], 심사원중점사항[], 결함사례[], 판정('적합'|'부적합'|'개선필요'|'관찰'), 심각도('Cat.1'|'Cat.2'|'Cat.3'), 근거증빙[]}","ISO 45001 9.3 적합성, 정확성·일관성·검증가능성, 법규 준수(해당 시), 개인정보·저작권 준수",,,,"[역할] ISO45001 심사원(AI 에이전트)
[맥락] 9.3 경영검토 – 경영검토 입력·출력 및 리더십 개입 확인
[질문] 최고경영자가 경영검토를 통해 적절성·충족성·효과성을 판단하고 필요한 의사결정을 내리는가?
[출력형식] JSON: {""조직중점사항"":[], ""심사원중점사항"":[], ""결함사례"":[], ""판정"":""적합|부적합|개선필요|관찰 중 1"", ""심각도"":""Cat.1|Cat.2|Cat.3 중 1"", ""근거증빙"":[]}
[품질기준] ISO 45001 9.3 적합성 + 정확성·일관성·검증가능성 + 법규 준수",원본 p.11 9.3,라인 CCTV; 계기/패널 판독,계측기 표시; 경고등; 작업속도 표시,,,,CCTV; 현장 사진; 드론(필요 시),OCR(계기판); Anomaly Detection(이상행동); YOLOv8/YOLOv10(Object); Pose(행동); OCR(표지판); Segmentation(영역위험),계기판 OCR 에러율 ≤ 5%,H,precision/recall@IoU50; OCR-accuracy,"≥95% (PPE/OCR), ≥0.5 IoU",CCTV; 현장 사진; 드론(필요 시),Y,
2단계,프로세스+문서,10.1,개선(일반),,ISO45001 심사원(AI 에이전트),개선 기회 결정·선택·실행,경영검토·분석 결과로 식별된 개선기회를 과제화·실행하는가?,개선 포트폴리오 • 성과지표 연계 • 지속 개선 문화,개선 주기·우선순위 • 성과 검증·확산 • 자원 배정,개선 과제 미추적 • 성과 검증 없음 • 일회성 이벤트,개선계획/실적 • 분석 자료,"JSON keys: {조직중점사항[], 심사원중점사항[], 결함사례[], 판정('적합'|'부적합'|'개선필요'|'관찰'), 심각도('Cat.1'|'Cat.2'|'Cat.3'), 근거증빙[]}","ISO 45001 10.1 적합성, 정확성·일관성·검증가능성, 법규 준수(해당 시), 개인정보·저작권 준수",,,,"[역할] ISO45001 심사원(AI 에이전트)
[맥락] 10.1 개선(일반) – 개선 기회 결정·선택·실행
[질문] 경영검토·분석 결과로 식별된 개선기회를 과제화·실행하는가?
[출력형식] JSON: {""조직중점사항"":[], ""심사원중점사항"":[], ""결함사례"":[], ""판정"":""적합|부적합|개선필요|관찰 중 1"", ""심각도"":""Cat.1|Cat.2|Cat.3 중 1"", ""근거증빙"":[]}
[품질기준] ISO 45001 10.1 적합성 + 정확성·일관성·검증가능성 + 법규 준수",원본 p.11-12 10.1 / p.23 표-21,,,,,,CCTV; 현장 사진; 드론(필요 시),YOLOv8/YOLOv10(Object); Pose(행동); OCR(표지판); Segmentation(영역위험),,M,precision/recall@IoU50; OCR-accuracy,"≥95% (PPE/OCR), ≥0.5 IoU",CCTV; 현장 사진; 드론(필요 시),Y,
2단계,프로세스+문서,10.2,사건·부적합·시정조치,RCA/시정 프로세스,ISO45001 심사원(AI 에이전트),사건/부적합 처리 및 시정조치 효과성,"사건·부적합 발생 시 즉시 시정, 근본원인 분석, 재발방지 시정조치를 수행·검증하는가? (아차사고 포함)",사건/부적합 보고·분류 • RCA 방법론 적용 • 효과성 검토·지식 공유,중대재해법 관련 조치 확인 • 수평 전개·파급도 평가 • 기록·근거 충분성,"시정(응급조치)만 실행, RCA 미흡 • 효과성 검증 누락 • Near-miss 미관리",사건조사 보고서 • 시정조치 요구/대장 • 효과성 평가,"JSON keys: {조직중점사항[], 심사원중점사항[], 결함사례[], 판정('적합'|'부적합'|'개선필요'|'관찰'), 심각도('Cat.1'|'Cat.2'|'Cat.3'), 근거증빙[]}","ISO 45001 10.2 적합성, 정확성·일관성·검증가능성, 법규 준수(해당 시), 개인정보·저작권 준수",,,,"[역할] ISO45001 심사원(AI 에이전트)
[맥락] 10.2 사건·부적합·시정조치 – 사건/부적합 처리 및 시정조치 효과성
[질문] 사건·부적합 발생 시 즉시 시정, 근본원인 분석, 재발방지 시정조치를 수행·검증하는가? (아차사고 포함)
[출력형식] JSON: {""조직중점사항"":[], ""심사원중점사항"":[], ""결함사례"":[], ""판정"":""적합|부적합|개선필요|관찰 중 1"", ""심각도"":""Cat.1|Cat.2|Cat.3 중 1"", ""근거증빙"":[]}
[품질기준] ISO 45001 10.2 적합성 + 정확성·일관성·검증가능성 + 법규 준수",원본 p.12 10.2,라인 CCTV; 계기/패널 판독,계측기 표시; 경고등; 작업속도 표시,,,,CCTV; 현장 사진; 드론(필요 시),OCR(계기판); Anomaly Detection(이상행동); YOLOv8/YOLOv10(Object); Pose(행동); OCR(표지판); Segmentation(영역위험),계기판 OCR 에러율 ≤ 5%,H,precision/recall@IoU50; OCR-accuracy,"≥95% (PPE/OCR), ≥0.5 IoU",CCTV; 현장 사진; 드론(필요 시),Y,
2단계,프로세스,10.3,지속적 개선,,ISO45001 심사원(AI 에이전트),성과 향상 지속 활동,OH&S 성과와 시스템의 적절성·충족성·효과성을 지속적으로 개선하는가?,지표 기반 개선 • 데이터 분석·평가 • 제안·혁신 촉진,성과 데이터→개선 연계 확인 • 주기적 리뷰 • 성과 공유,"데이터만 수집, 개선 미연계 • 정착 활동 부재",지속개선 계획 • 성과 분석 보고,"JSON keys: {조직중점사항[], 심사원중점사항[], 결함사례[], 판정('적합'|'부적합'|'개선필요'|'관찰'), 심각도('Cat.1'|'Cat.2'|'Cat.3'), 근거증빙[]}","ISO 45001 10.3 적합성, 정확성·일관성·검증가능성, 법규 준수(해당 시), 개인정보·저작권 준수",,,,"[역할] ISO45001 심사원(AI 에이전트)
[맥락] 10.3 지속적 개선 – 성과 향상 지속 활동
[질문] OH&S 성과와 시스템의 적절성·충족성·효과성을 지속적으로 개선하는가?
[출력형식] JSON: {""조직중점사항"":[], ""심사원중점사항"":[], ""결함사례"":[], ""판정"":""적합|부적합|개선필요|관찰 중 1"", ""심각도"":""Cat.1|Cat.2|Cat.3 중 1"", ""근거증빙"":[]}
[품질기준] ISO 45001 10.3 적합성 + 정확성·일관성·검증가능성 + 법규 준수",원본 p.12 10.3,,,,,,CCTV; 현장 사진; 드론(필요 시),YOLOv8/YOLOv10(Object); Pose(행동); OCR(표지판); Segmentation(영역위험),,M,precision/recall@IoU50; OCR-accuracy,"≥95% (PPE/OCR), ≥0.5 IoU",CCTV; 현장 사진; 드론(필요 시),Y,
