clause,title,mece_domain,requirement,required_documents,required_records,required_process,evidence_examples,legal_links,nc_cat1,nc_cat2,nc_cat3,audit_evidence_type,objective_metrics,img_scene_types,img_object_categories,img_ppe_items,img_unsafe_actions_keywords,img_signage_text_keywords,img_evidence_sources,img_model_hint,img_acceptance_criteria,img_mapping_confidence
4.1,조직과 조직상황의 이해,조직상황,OH&S 의도한 결과 달성을 위해 조직의 내·외부 이슈를 식별·분석·갱신하고 경영검토에 반영한다.,내·외부 이슈 파악 Sheet,경영검토 입력/회의록,-,"이슈 목록, 영향평가 기록",중대재해법 관련 경영책임자 의무 점검,내·외부 이슈 식별/분석 문서가 전혀 없거나 경영검토에 미반영(시스템 부재).,"이슈는 있으나 최신성이 부족, 영향평가 미흡, 일부 기능만 적용(경미한 불이행).","이슈-목표/조치 연계 고도화 필요, 정량지표 보완(개선기회).",문서/인터뷰/현장,,,,,,,CCTV; 현장 사진; 드론(필요 시),YOLOv8/YOLOv10(Object); Pose(행동); OCR(표지판); Segmentation(영역위험),,M
4.2,근로자 및 기타 이해관계자의 니즈와 기대 이해,조직상황,근로자·계약자·공급자·고객·기관 등 이해관계자를 파악하고 요구를 법적/기타 요구사항으로 전환·관리한다.,이해관계자 파악 Sheet/요구사항 목록,경영검토 반영 기록,-,요구사항 매핑표·피드백 기록,표-7 법적·기타 요구사항 연계,이해관계자 식별 또는 요구사항 목록 부재/법규 전환 미실시.,"요구사항은 있으나 업데이트/경영검토 반영 미흡, 일부 이해관계자 누락.",요구→프로세스/목표 연결의 정밀도 향상 필요.,문서/인터뷰/현장,,,,,,,CCTV; 현장 사진; 드론(필요 시),YOLOv8/YOLOv10(Object); Pose(행동); OCR(표지판); Segmentation(영역위험),,M
4.3,안전보건경영시스템 적용범위 결정,조직상황,내·외부 이슈와 이해관계자 요구를 고려하여 OH&S MS의 경계와 적용성을 정의·문서화한다.,적용범위 문서,-,-,적용범위 선언서,-,OH&S 적용범위 미정의 또는 실제 활동과 불일치.,"적용범위 최신화 미흡, 문서/게시 불일치.",범위 설명의 구체성·경계 명확화 필요.,문서/인터뷰/현장,,,,,,,CCTV; 현장 사진; 드론(필요 시),YOLOv8/YOLOv10(Object); Pose(행동); OCR(표지판); Segmentation(영역위험),,M
4.4,안전보건경영시스템,조직상황,규격 요구를 반영한 프로세스와 상호작용을 정의·운영·개선한다.,시스템 매뉴얼/프로세스 맵,프로세스 실행기록,[표-1] 14개 필수 프로세스,프로세스 맵/비즈니스 매트릭스,-,"안전보건경영시스템의 요구사항이 시스템적으로 부재하거나 심각한 결함으로 인해 중대 재해 위험이 높음(예: 핵심 문서/프로세스 미수립·미운영, 반복적 법규 위반).",안전보건경영시스템의 요구사항이 부분적으로 미흡하거나 문서화/기록/운영상의 경미한 불이행 존재(시정으로 단기간 내 개선 가능).,안전보건경영시스템의 요구사항은 적합하나 효과 향상을 위한 개선 기회가 식별됨(프로세스 성숙도·지표 관리·표준화 보완 필요).,문서/인터뷰/현장,,,,,,,CCTV; 현장 사진; 드론(필요 시),YOLOv8/YOLOv10(Object); Pose(행동); OCR(표지판); Segmentation(영역위험),,M
5.1,리더십과 의지표명,리더십,"최고경영자는 자원 가용성, 시스템 통합, 협의·참여 보장, 보복 금지 등 책무/보장을 실증한다.","방침, 목표, 경영검토 자료",경영지시 이행기록/인터뷰,-,KPI·자원 배정 근거,-,"최고경영자의 책무·보장 행위 부재(자원 미가용, 시스템 통합 미보장 등).",일부 보장 항목 누락(예: 협의·참여 미보장) 또는 형식적 이행.,경영 KPI 연동/문화 촉진 활동 고도화 필요.,문서/인터뷰/현장,,,,,,,CCTV; 현장 사진; 드론(필요 시),YOLOv8/YOLOv10(Object); Pose(행동); OCR(표지판); Segmentation(영역위험),,M
5.2,안전보건 방침,리더십,예방·법규준수·위험요인 제거·지속개선·협의·참여 약속을 포함한 방침을 수립·유지·의사소통한다.,방침서/게시/교육자료,교육기록,-,방침 게시·교육 기록,-,OH&S 방침 부재/서명·공개·유지 미실시.,"방침에 필수 약속(법규, 위험요인 제거 등) 누락 또는 교육·의사소통 미흡.",방침과 목표/프로세스의 정렬성 고도화 필요.,문서/인터뷰/현장,,공지 게시판; 사내 디지털 사이니지,안전방침 게시물; 공지 포스터,,,,CCTV; 현장 사진; 드론(필요 시),OCR(게시판 문안); YOLOv8/YOLOv10(Object); Pose(행동); OCR(표지판); Segmentation(영역위험),방침 최신본 게시 확인; OCR 문안 일치율 ≥ 95%,H
5.3,"조직의 역할, 책임 및 권한",리더십,역할·책임·권한을 조직 전 계층에 부여·의사소통하고 성과를 최고경영자에 보고한다.,조직도/업무분장/권한 매트릭스,보고기록,-,R&R 문서,-,"조직의 역할, 책임 및 권한의 요구사항이 시스템적으로 부재하거나 심각한 결함으로 인해 중대 재해 위험이 높음(예: 핵심 문서/프로세스 미수립·미운영, 반복적 법규 위반).","조직의 역할, 책임 및 권한의 요구사항이 부분적으로 미흡하거나 문서화/기록/운영상의 경미한 불이행 존재(시정으로 단기간 내 개선 가능).","조직의 역할, 책임 및 권한의 요구사항은 적합하나 효과 향상을 위한 개선 기회가 식별됨(프로세스 성숙도·지표 관리·표준화 보완 필요).",문서/인터뷰/현장,,,,,,,CCTV; 현장 사진; 드론(필요 시),YOLOv8/YOLOv10(Object); Pose(행동); OCR(표지판); Segmentation(영역위험),,M
5.4,근로자 협의 및 참여,리더십,협의(9개)와 참여(7개) 사항에 대한 프로세스를 수립·운영·유지하며 장벽을 제거한다.,위원회 운영지침·명부·회의록,참여실적/정보제공 기록,근로자 협의·참여 프로세스,협의체 의사록·교육일지,-,"협의·참여 프로세스 부재, 위원회 미운영.","회의 주기/참여/의제의 실효성 부족, 장벽 제거 미흡.",지표 기반 참여 효과 관리 강화 필요.,문서/인터뷰/현장,,,,,,,CCTV; 현장 사진; 드론(필요 시),YOLOv8/YOLOv10(Object); Pose(행동); OCR(표지판); Segmentation(영역위험),,M
6.1.1,리스크와 기회를 다루는 조치(일반),기획,4.1/4.2/4.3을 고려하여 MS의 의도한 결과 달성에 필요한 리스크·기회를 결정하고 조치를 계획·통합한다.,리스크/기회 목록·조치계획,조치 이행·효과 기록,-,SWOT·FMEA 등,-,"리스크와 기회를 다루는 조치(일반)의 요구사항이 시스템적으로 부재하거나 심각한 결함으로 인해 중대 재해 위험이 높음(예: 핵심 문서/프로세스 미수립·미운영, 반복적 법규 위반).",리스크와 기회를 다루는 조치(일반)의 요구사항이 부분적으로 미흡하거나 문서화/기록/운영상의 경미한 불이행 존재(시정으로 단기간 내 개선 가능).,리스크와 기회를 다루는 조치(일반)의 요구사항은 적합하나 효과 향상을 위한 개선 기회가 식별됨(프로세스 성숙도·지표 관리·표준화 보완 필요).,문서/인터뷰/현장,,,,,,,CCTV; 현장 사진; 드론(필요 시),YOLOv8/YOLOv10(Object); Pose(행동); OCR(표지판); Segmentation(영역위험),,M
6.1.2.1,위험요인 파악,기획,"사회적 요소, 작업·설비·자재, 과거사건, 비상상황, 인원 범위, 설계·내외부 상황, 변경, 지식변화 등을 포괄해 지속적으로 파악한다.",위험성평가 절차,위험요인 목록·참여 기록,위험요인 파악 프로세스,순회점검/평가표,-,위험성평가/위험요인 파악 미수행 또는 범주 대다수 누락.,"일부 범주(비상사태, 변경, 외주 등) 누락, 현장참여 미흡.",파악 주기·참여 폭 확대 필요.,문서/인터뷰/현장,,,,,,,CCTV; 현장 사진; 드론(필요 시),YOLOv8/YOLOv10(Object); Pose(행동); OCR(표지판); Segmentation(영역위험),,M
6.1.2.2,리스크 평가,기획,기존 통제를 반영하여 리스크 평가 방법·기준을 예방적·체계적으로 정의·문서화·유지한다.,평가방법/기준 문서,평가 결과 기록,리스크 평가 프로세스,평가 보고,-,리스크 평가 방법론/기준 부재 또는 적용 불가.,"방법론은 있으나 통제 반영/체계성 부족, 기록 미흡.",사전예방성·정량성 강화 필요.,문서/인터뷰/현장,,,,,,,CCTV; 현장 사진; 드론(필요 시),YOLOv8/YOLOv10(Object); Pose(행동); OCR(표지판); Segmentation(영역위험),,M
6.1.2.3,기회 평가,기획,안전보건 성과 향상 기회와 시스템 개선 기회를 평가한다.,기회 평가 절차,기회 목록/평가 결과,기회 평가 프로세스,개선 제안서,-,"기회 평가의 요구사항이 시스템적으로 부재하거나 심각한 결함으로 인해 중대 재해 위험이 높음(예: 핵심 문서/프로세스 미수립·미운영, 반복적 법규 위반).",기회 평가의 요구사항이 부분적으로 미흡하거나 문서화/기록/운영상의 경미한 불이행 존재(시정으로 단기간 내 개선 가능).,기회 평가의 요구사항은 적합하나 효과 향상을 위한 개선 기회가 식별됨(프로세스 성숙도·지표 관리·표준화 보완 필요).,문서/인터뷰/현장,,,,,,,CCTV; 현장 사진; 드론(필요 시),YOLOv8/YOLOv10(Object); Pose(행동); OCR(표지판); Segmentation(영역위험),,M
6.1.3,법적·기타 요구사항의 결정,기획,적용 법적·기타 요구사항을 결정·적용·의사소통하며 갱신을 보장한다.,법규등록부/관리절차,준수평가 기록,법규 요구사항 결정 프로세스,적용성 판단서,표-7~9,법규등록부/준수평가 부재 또는 반복적 법 위반.,"등록부 최신화 지연, 적용성 판단/의사소통 미흡.",법규 변경 모니터링·피드백 체계 고도화.,문서/인터뷰/현장,,,,,,,CCTV; 현장 사진; 드론(필요 시),YOLOv8/YOLOv10(Object); Pose(행동); OCR(표지판); Segmentation(영역위험),,M
6.1.4,조치계획,기획,리스크·기회·법규·비상대응에 대한 조치를 계획하고 비즈니스 프로세스에 통합·효과 평가한다.,조치계획서,효과성 검토 기록,-,KPI 대시보드,-,"조치계획의 요구사항이 시스템적으로 부재하거나 심각한 결함으로 인해 중대 재해 위험이 높음(예: 핵심 문서/프로세스 미수립·미운영, 반복적 법규 위반).",조치계획의 요구사항이 부분적으로 미흡하거나 문서화/기록/운영상의 경미한 불이행 존재(시정으로 단기간 내 개선 가능).,조치계획의 요구사항은 적합하나 효과 향상을 위한 개선 기회가 식별됨(프로세스 성숙도·지표 관리·표준화 보완 필요).,문서/인터뷰/현장,,,,,,,CCTV; 현장 사진; 드론(필요 시),YOLOv8/YOLOv10(Object); Pose(행동); OCR(표지판); Segmentation(영역위험),,M
6.2.1,안전보건 목표,기획,"방침과 일관된, 측정가능하고 모니터링·의사소통·갱신되는 목표를 수립한다.",목표 문서,실적/모니터링 기록,-,KPI표,-,"안전보건 목표의 요구사항이 시스템적으로 부재하거나 심각한 결함으로 인해 중대 재해 위험이 높음(예: 핵심 문서/프로세스 미수립·미운영, 반복적 법규 위반).",안전보건 목표의 요구사항이 부분적으로 미흡하거나 문서화/기록/운영상의 경미한 불이행 존재(시정으로 단기간 내 개선 가능).,안전보건 목표의 요구사항은 적합하나 효과 향상을 위한 개선 기회가 식별됨(프로세스 성숙도·지표 관리·표준화 보완 필요).,문서/인터뷰/현장,,,,,,,CCTV; 현장 사진; 드론(필요 시),YOLOv8/YOLOv10(Object); Pose(행동); OCR(표지판); Segmentation(영역위험),,M
6.2.2,목표 달성 기획,기획,무엇/자원/책임/기한/평가/통합을 포함해 계획하고 문서화한다.,달성계획,실행·평가 기록,-,계획-실적 매핑표,-,"목표 달성 기획의 요구사항이 시스템적으로 부재하거나 심각한 결함으로 인해 중대 재해 위험이 높음(예: 핵심 문서/프로세스 미수립·미운영, 반복적 법규 위반).",목표 달성 기획의 요구사항이 부분적으로 미흡하거나 문서화/기록/운영상의 경미한 불이행 존재(시정으로 단기간 내 개선 가능).,목표 달성 기획의 요구사항은 적합하나 효과 향상을 위한 개선 기회가 식별됨(프로세스 성숙도·지표 관리·표준화 보완 필요).,문서/인터뷰/현장,,,,,,,CCTV; 현장 사진; 드론(필요 시),YOLOv8/YOLOv10(Object); Pose(행동); OCR(표지판); Segmentation(영역위험),,M
7.1,자원,지원,OH&S MS의 수립·운영·개선에 필요한 인적·기술·재정·기반구조 자원을 결정·제공한다.,자원 목록/계획,투입·배정 기록,-,예산·인력 배정,중대재해법 제4조,"자원의 요구사항이 시스템적으로 부재하거나 심각한 결함으로 인해 중대 재해 위험이 높음(예: 핵심 문서/프로세스 미수립·미운영, 반복적 법규 위반).",자원의 요구사항이 부분적으로 미흡하거나 문서화/기록/운영상의 경미한 불이행 존재(시정으로 단기간 내 개선 가능).,자원의 요구사항은 적합하나 효과 향상을 위한 개선 기회가 식별됨(프로세스 성숙도·지표 관리·표준화 보완 필요).,문서/인터뷰/현장,,,,,,,CCTV; 현장 사진; 드론(필요 시),YOLOv8/YOLOv10(Object); Pose(행동); OCR(표지판); Segmentation(영역위험),,M
7.2,역량/적격성,지원,성과에 영향을 미치는 업무에 필요한 역량을 결정·확보·평가하고 증거를 보유한다.,교육·자격·경험 문서,역량 평가·교육기록,-,자격증/수료증/평가표,산안법 제29조 교육,"역량/적격성의 요구사항이 시스템적으로 부재하거나 심각한 결함으로 인해 중대 재해 위험이 높음(예: 핵심 문서/프로세스 미수립·미운영, 반복적 법규 위반).",역량/적격성의 요구사항이 부분적으로 미흡하거나 문서화/기록/운영상의 경미한 불이행 존재(시정으로 단기간 내 개선 가능).,역량/적격성의 요구사항은 적합하나 효과 향상을 위한 개선 기회가 식별됨(프로세스 성숙도·지표 관리·표준화 보완 필요).,문서/인터뷰/현장,,,,,,,CCTV; 현장 사진; 드론(필요 시),YOLOv8/YOLOv10(Object); Pose(행동); OCR(표지판); Segmentation(영역위험),,M
7.3,인식,지원,방침·목표·자신의 기여·불이행의 결과·사건·위험요인·대피 권한 등을 인식시킨다.,교육자료·게시물,교육·의사소통 기록,-,회의록/게시 흔적,-,"인식의 요구사항이 시스템적으로 부재하거나 심각한 결함으로 인해 중대 재해 위험이 높음(예: 핵심 문서/프로세스 미수립·미운영, 반복적 법규 위반).",인식의 요구사항이 부분적으로 미흡하거나 문서화/기록/운영상의 경미한 불이행 존재(시정으로 단기간 내 개선 가능).,인식의 요구사항은 적합하나 효과 향상을 위한 개선 기회가 식별됨(프로세스 성숙도·지표 관리·표준화 보완 필요).,문서/인터뷰/현장,,,,,,,CCTV; 현장 사진; 드론(필요 시),YOLOv8/YOLOv10(Object); Pose(행동); OCR(표지판); Segmentation(영역위험),,M
7.4.1,의사소통(일반),지원,내·외부 의사소통의 무엇/언제/누구/어떻게를 정의·운영하고 기록을 보유한다.,의사소통 절차,의사소통 기록,내부·외부 의사소통 프로세스,공지/회의록,-,"의사소통(일반)의 요구사항이 시스템적으로 부재하거나 심각한 결함으로 인해 중대 재해 위험이 높음(예: 핵심 문서/프로세스 미수립·미운영, 반복적 법규 위반).",의사소통(일반)의 요구사항이 부분적으로 미흡하거나 문서화/기록/운영상의 경미한 불이행 존재(시정으로 단기간 내 개선 가능).,의사소통(일반)의 요구사항은 적합하나 효과 향상을 위한 개선 기회가 식별됨(프로세스 성숙도·지표 관리·표준화 보완 필요).,문서/인터뷰/현장,,공지 게시판; 사내 디지털 사이니지,안전방침 게시물; 공지 포스터,,,,CCTV; 현장 사진; 드론(필요 시),OCR(게시판 문안); YOLOv8/YOLOv10(Object); Pose(행동); OCR(표지판); Segmentation(영역위험),방침 최신본 게시 확인; OCR 문안 일치율 ≥ 95%,H
7.4.2,내부 의사소통,지원,조직 내 계층·기능 간 적정한 정보 공유를 보장한다.,내부 소통 절차,내부 소통 기록,-,사내 게시/회의,-,"내부 의사소통의 요구사항이 시스템적으로 부재하거나 심각한 결함으로 인해 중대 재해 위험이 높음(예: 핵심 문서/프로세스 미수립·미운영, 반복적 법규 위반).",내부 의사소통의 요구사항이 부분적으로 미흡하거나 문서화/기록/운영상의 경미한 불이행 존재(시정으로 단기간 내 개선 가능).,내부 의사소통의 요구사항은 적합하나 효과 향상을 위한 개선 기회가 식별됨(프로세스 성숙도·지표 관리·표준화 보완 필요).,문서/인터뷰/현장,,공지 게시판; 사내 디지털 사이니지,안전방침 게시물; 공지 포스터,,,,CCTV; 현장 사진; 드론(필요 시),OCR(게시판 문안); YOLOv8/YOLOv10(Object); Pose(행동); OCR(표지판); Segmentation(영역위험),방침 최신본 게시 확인; OCR 문안 일치율 ≥ 95%,H
7.4.3,외부 의사소통,지원,준수의무에 따라 외부와 안전보건 정보를 의사소통한다.,외부 소통 절차,대관·비상 소통 기록,-,신고·보고서,-,"외부 의사소통의 요구사항이 시스템적으로 부재하거나 심각한 결함으로 인해 중대 재해 위험이 높음(예: 핵심 문서/프로세스 미수립·미운영, 반복적 법규 위반).",외부 의사소통의 요구사항이 부분적으로 미흡하거나 문서화/기록/운영상의 경미한 불이행 존재(시정으로 단기간 내 개선 가능).,외부 의사소통의 요구사항은 적합하나 효과 향상을 위한 개선 기회가 식별됨(프로세스 성숙도·지표 관리·표준화 보완 필요).,문서/인터뷰/현장,,공지 게시판; 사내 디지털 사이니지,안전방침 게시물; 공지 포스터,,,,CCTV; 현장 사진; 드론(필요 시),OCR(게시판 문안); YOLOv8/YOLOv10(Object); Pose(행동); OCR(표지판); Segmentation(영역위험),방침 최신본 게시 확인; OCR 문안 일치율 ≥ 95%,H
7.5.1,문서화된 정보(일반),지원,규격이 요구하는 문서와 조직이 필요한 문서를 유지하며 법정 보존 요구를 반영한다.,문서관리 절차·목록,보존목록·보유 기록,-,문서목록·외부문서 대장,산안법 제164조,"필수 문서/기록 체계 부재, 법정 보존 요구 미반영.","‘유지/보유’ 구분 미흡, 외부문서 통제 일부 누락.",보존·추적성 강화 및 통합리스트 개선.,문서/인터뷰/현장,,,,,,,CCTV; 현장 사진; 드론(필요 시),YOLOv8/YOLOv10(Object); Pose(행동); OCR(표지판); Segmentation(영역위험),,M
7.5.2,작성 및 갱신,지원,식별·형식·매체·검토·승인을 보장한다.,제·개정 심의서,승인·버전 이력,-,배포대장,-,"작성 및 갱신의 요구사항이 시스템적으로 부재하거나 심각한 결함으로 인해 중대 재해 위험이 높음(예: 핵심 문서/프로세스 미수립·미운영, 반복적 법규 위반).",작성 및 갱신의 요구사항이 부분적으로 미흡하거나 문서화/기록/운영상의 경미한 불이행 존재(시정으로 단기간 내 개선 가능).,작성 및 갱신의 요구사항은 적합하나 효과 향상을 위한 개선 기회가 식별됨(프로세스 성숙도·지표 관리·표준화 보완 필요).,문서/인터뷰/현장,,,,,,,CCTV; 현장 사진; 드론(필요 시),YOLOv8/YOLOv10(Object); Pose(행동); OCR(표지판); Segmentation(영역위험),,M
7.5.3,문서화된 정보의 관리,지원,배포·접근·보관·변경·폐기와 외부 출처 문서를 통제한다.,문서관리 절차,접근권한·변경이력·폐기 기록,-,접근권한 매트릭스,-,"문서화된 정보의 관리의 요구사항이 시스템적으로 부재하거나 심각한 결함으로 인해 중대 재해 위험이 높음(예: 핵심 문서/프로세스 미수립·미운영, 반복적 법규 위반).",문서화된 정보의 관리의 요구사항이 부분적으로 미흡하거나 문서화/기록/운영상의 경미한 불이행 존재(시정으로 단기간 내 개선 가능).,문서화된 정보의 관리의 요구사항은 적합하나 효과 향상을 위한 개선 기회가 식별됨(프로세스 성숙도·지표 관리·표준화 보완 필요).,문서/인터뷰/현장,,,,,,,CCTV; 현장 사진; 드론(필요 시),YOLOv8/YOLOv10(Object); Pose(행동); OCR(표지판); Segmentation(영역위험),,M
8.1.1,운용 기획 및 관리,운용,프로세스 기준을 설정·관리하고 계획대로 수행되었음을 확신할 정도로 기록을 보유한다.,운용기준/절차,수행증거 기록,운용 프로세스,작업표준·점검표,-,운용 기준·절차 부재 또는 기록 미보유.,기준은 있으나 현장적합성/다사업주 조정 미흡.,KPI·증거 보유 수준 개선.,문서/인터뷰/현장,,,,,,,CCTV; 현장 사진; 드론(필요 시),YOLOv8/YOLOv10(Object); Pose(행동); OCR(표지판); Segmentation(영역위험),,M
8.1.2,위험요인 제거 및 리스크 감소,운용,관리 단계 우선순위(제거→대체→공학→행정→PPE)로 리스크를 감소시킨다.,위험성 평가·대책 문서,효과성 검토 기록,리스크 감소 프로세스,대책 실행 증거,산안법 제38·39 / 표-14,관리 단계 적용 부재(공학·행정·PPE만 의존)로 중대위험 상존.,"우선순위 일부 미준수, 대책 효과 검토 미흡.",ALARP·효과 검증 체계화 필요.,문서/인터뷰/현장,,,,,,,CCTV; 현장 사진; 드론(필요 시),YOLOv8/YOLOv10(Object); Pose(행동); OCR(표지판); Segmentation(영역위험),,M
8.1.3,변경 관리,운용,계획적·임시·의도하지 않은 변경의 실행과 관리를 위한 프로세스를 수립한다.,변경관리 절차,변경 영향평가 기록,변경관리 프로세스,승인서/평가서,-,"변경 관리의 요구사항이 시스템적으로 부재하거나 심각한 결함으로 인해 중대 재해 위험이 높음(예: 핵심 문서/프로세스 미수립·미운영, 반복적 법규 위반).",변경 관리의 요구사항이 부분적으로 미흡하거나 문서화/기록/운영상의 경미한 불이행 존재(시정으로 단기간 내 개선 가능).,변경 관리의 요구사항은 적합하나 효과 향상을 위한 개선 기회가 식별됨(프로세스 성숙도·지표 관리·표준화 보완 필요).,문서/인터뷰/현장,,,,,,,CCTV; 현장 사진; 드론(필요 시),YOLOv8/YOLOv10(Object); Pose(행동); OCR(표지판); Segmentation(영역위험),,M
8.1.4.1,조달,운용,조달 제품·서비스의 안전보건 적합성을 보장하고 사전점검·리스크 평가·요구사항 통제를 수행한다.,시방서/MSDS/사전점검서,입고 전 점검 기록,조달 프로세스,사전평가표,산안법 제5장 / 표-15,"조달의 요구사항이 시스템적으로 부재하거나 심각한 결함으로 인해 중대 재해 위험이 높음(예: 핵심 문서/프로세스 미수립·미운영, 반복적 법규 위반).",조달의 요구사항이 부분적으로 미흡하거나 문서화/기록/운영상의 경미한 불이행 존재(시정으로 단기간 내 개선 가능).,조달의 요구사항은 적합하나 효과 향상을 위한 개선 기회가 식별됨(프로세스 성숙도·지표 관리·표준화 보완 필요).,문서/인터뷰/현장,,출입구 등록대; 현장 계약자 활동,출입증/배지; 방문자 조끼; 계약자 표지,,,VISITOR; CONTRACTOR,CCTV; 현장 사진; 드론(필요 시),OCR(출입증); YOLO(Object); YOLOv8/YOLOv10(Object); Pose(행동); OCR(표지판); Segmentation(영역위험),미등록 출입자 0건; 배지 가시성 ≥ 95% 프레임,H
8.1.4.2,계약자,운용,계약자 선정기준·교육·작업허가·정보공유·사후평가를 운영하고 계약서에 안전보건 책임·기준을 명시한다.,선정절차·계약서,정기평가·교육 기록,계약자 관리 프로세스,정보공유 대장,산안법 제2절 / 표-16~17,"계약자의 요구사항이 시스템적으로 부재하거나 심각한 결함으로 인해 중대 재해 위험이 높음(예: 핵심 문서/프로세스 미수립·미운영, 반복적 법규 위반).",계약자의 요구사항이 부분적으로 미흡하거나 문서화/기록/운영상의 경미한 불이행 존재(시정으로 단기간 내 개선 가능).,계약자의 요구사항은 적합하나 효과 향상을 위한 개선 기회가 식별됨(프로세스 성숙도·지표 관리·표준화 보완 필요).,문서/인터뷰/현장,,출입구 등록대; 현장 계약자 활동,출입증/배지; 방문자 조끼; 계약자 표지,,,VISITOR; CONTRACTOR,CCTV; 현장 사진; 드론(필요 시),OCR(출입증); YOLO(Object); YOLOv8/YOLOv10(Object); Pose(행동); OCR(표지판); Segmentation(영역위험),미등록 출입자 0건; 배지 가시성 ≥ 95% 프레임,H
8.1.4.3,외주처리,운용,외주 기능·프로세스를 통제하고 능력 평가·사후평가·계약을 통해 의도된 결과를 보장한다.,외주지침·계약서,능력평가·사후평가 기록,외주처리 프로세스,평가표,-,"외주처리의 요구사항이 시스템적으로 부재하거나 심각한 결함으로 인해 중대 재해 위험이 높음(예: 핵심 문서/프로세스 미수립·미운영, 반복적 법규 위반).",외주처리의 요구사항이 부분적으로 미흡하거나 문서화/기록/운영상의 경미한 불이행 존재(시정으로 단기간 내 개선 가능).,외주처리의 요구사항은 적합하나 효과 향상을 위한 개선 기회가 식별됨(프로세스 성숙도·지표 관리·표준화 보완 필요).,문서/인터뷰/현장,,출입구 등록대; 현장 계약자 활동,출입증/배지; 방문자 조끼; 계약자 표지,,,VISITOR; CONTRACTOR,CCTV; 현장 사진; 드론(필요 시),OCR(출입증); YOLO(Object); YOLOv8/YOLOv10(Object); Pose(행동); OCR(표지판); Segmentation(영역위험),미등록 출입자 0건; 배지 가시성 ≥ 95% 프레임,H
8.2,비상대비 및 대응,운용,잠재적 비상 상황에 대비·훈련·평가·개정하고 모든 이해관계자와 정보를 의사소통한다.,비상대비 계획/시나리오,훈련·점검 기록,비상대비·대응 프로세스,연락망·점검표,산안법 제54,비상계획/훈련 부재 또는 비상장비 미비.,"훈련 미정기/평가·개정 미흡, 대외 커뮤니케이션 미흡.",시나리오 다양화·훈련 실효성 제고 필요.,문서/인터뷰/현장,,대피 훈련; 비상구/유도등; 소화기 비치 구역,비상구 표지; 유도등; 소화기; 비상벨; 피난안내도,,,EXIT; 비상구; 소화기; 화재 시 엘리베이터 사용 금지,CCTV; 현장 사진; 드론(필요 시),OCR(표지판/점검표); YOLO(Object); YOLOv8/YOLOv10(Object); Pose(행동); OCR(표지판); Segmentation(영역위험),비상구 차폐 없음; 소화기 접근거리 기준 충족; 표지 OCR 인식률 ≥ 95%,H
9.1.1,모니터링·측정·분석·평가,성과평가,대상·방법·기준·시기를 결정하여 성과를 평가하고 기록을 보유한다.,측정·평가 지침,측정·분석·평가 기록/교정 기록,성과평가 프로세스,지표 대시보드,-,"모니터링·측정·분석·평가의 요구사항이 시스템적으로 부재하거나 심각한 결함으로 인해 중대 재해 위험이 높음(예: 핵심 문서/프로세스 미수립·미운영, 반복적 법규 위반).",모니터링·측정·분석·평가의 요구사항이 부분적으로 미흡하거나 문서화/기록/운영상의 경미한 불이행 존재(시정으로 단기간 내 개선 가능).,모니터링·측정·분석·평가의 요구사항은 적합하나 효과 향상을 위한 개선 기회가 식별됨(프로세스 성숙도·지표 관리·표준화 보완 필요).,문서/인터뷰/현장,,라인 CCTV; 계기/패널 판독,계측기 표시; 경고등; 작업속도 표시,,,,CCTV; 현장 사진; 드론(필요 시),OCR(계기판); Anomaly Detection(이상행동); YOLOv8/YOLOv10(Object); Pose(행동); OCR(표지판); Segmentation(영역위험),계기판 OCR 에러율 ≤ 5%,H
9.1.2,준수평가,성과평가,법적·기타 요구사항 준수평가를 계획·실시·조치하고 결과를 보유한다.,준수평가 계획·체크리스트,평가 결과·시정 기록,준수평가 프로세스,법규 준수표,-,법규 준수평가 미실시.,"평가 주기/방법 불명확, 조치·기록 미흡.",위반 리스크 기반 빈도·방법 최적화 필요.,문서/인터뷰/현장,,라인 CCTV; 계기/패널 판독,계측기 표시; 경고등; 작업속도 표시,,,,CCTV; 현장 사진; 드론(필요 시),OCR(계기판); Anomaly Detection(이상행동); YOLOv8/YOLOv10(Object); Pose(행동); OCR(표지판); Segmentation(영역위험),계기판 OCR 에러율 ≤ 5%,H
9.2,내부심사,성과평가,프로그램을 수립·유지하고 독립성·객관성을 보장하여 심사·보고·조치를 수행한다.,내부심사 규정/계획,심사 보고·시정 기록,내부심사 프로세스,체크리스트,-,내부심사 프로그램 부재 또는 객관성·독립성 결여.,"일부 프로세스 누락, 전회결과 반영 미흡.",리스크 기반 프로그램 고도화 필요.,문서/인터뷰/현장,,라인 CCTV; 계기/패널 판독,계측기 표시; 경고등; 작업속도 표시,,,,CCTV; 현장 사진; 드론(필요 시),OCR(계기판); Anomaly Detection(이상행동); YOLOv8/YOLOv10(Object); Pose(행동); OCR(표지판); Segmentation(영역위험),계기판 OCR 에러율 ≤ 5%,H
9.3,경영검토,성과평가,계획된 주기로 시스템의 적절성·충족성·효과성을 검토하고 출력·의사소통을 수행한다.,경영검토 절차/자료,검토 결과 기록,경영검토 프로세스,회의록,-,경영검토 미실시 또는 입력/출력 핵심항목 미충족.,검토는 있으나 의사소통/후속조치 미흡.,전략 방향 정렬·지표 기반 리뷰 강화.,문서/인터뷰/현장,,라인 CCTV; 계기/패널 판독,계측기 표시; 경고등; 작업속도 표시,,,,CCTV; 현장 사진; 드론(필요 시),OCR(계기판); Anomaly Detection(이상행동); YOLOv8/YOLOv10(Object); Pose(행동); OCR(표지판); Segmentation(영역위험),계기판 OCR 에러율 ≤ 5%,H
10.1,개선(일반),개선,개선 기회를 결정·선택하고 의도된 결과 달성을 위한 조치를 실행한다.,개선계획서,개선 실적 기록,-,개선 보고,-,"개선(일반)의 요구사항이 시스템적으로 부재하거나 심각한 결함으로 인해 중대 재해 위험이 높음(예: 핵심 문서/프로세스 미수립·미운영, 반복적 법규 위반).",개선(일반)의 요구사항이 부분적으로 미흡하거나 문서화/기록/운영상의 경미한 불이행 존재(시정으로 단기간 내 개선 가능).,개선(일반)의 요구사항은 적합하나 효과 향상을 위한 개선 기회가 식별됨(프로세스 성숙도·지표 관리·표준화 보완 필요).,문서/인터뷰/현장,,,,,,,CCTV; 현장 사진; 드론(필요 시),YOLOv8/YOLOv10(Object); Pose(행동); OCR(표지판); Segmentation(영역위험),,M
10.2,사건·부적합 및 시정조치,개선,사건/부적합에 즉시 대응하고 원인분석·범위확장·리스크 재평가·시정조치·효과확인을 수행한다.,사건/부적합 처리 절차,사건/부적합·시정조치 기록,사건·부적합·시정조치 프로세스,원인분석서,-,사건·부적합 조사·시정조치 미수행 또는 반복 재발.,원인분석·범위확장·효과확인 미흡.,교훈 공유·지식화·예방조치 강화.,문서/인터뷰/현장,,라인 CCTV; 계기/패널 판독,계측기 표시; 경고등; 작업속도 표시,,,,CCTV; 현장 사진; 드론(필요 시),OCR(계기판); Anomaly Detection(이상행동); YOLOv8/YOLOv10(Object); Pose(행동); OCR(표지판); Segmentation(영역위험),계기판 OCR 에러율 ≤ 5%,H
10.3,지속적 개선,개선,OH&S 성과 향상과 문화 촉진을 위해 반복적 활동을 수행하고 결과를 보유·의사소통한다.,지속개선 계획,개선 결과 기록,-,성과 분석,-,"지속적 개선의 요구사항이 시스템적으로 부재하거나 심각한 결함으로 인해 중대 재해 위험이 높음(예: 핵심 문서/프로세스 미수립·미운영, 반복적 법규 위반).",지속적 개선의 요구사항이 부분적으로 미흡하거나 문서화/기록/운영상의 경미한 불이행 존재(시정으로 단기간 내 개선 가능).,지속적 개선의 요구사항은 적합하나 효과 향상을 위한 개선 기회가 식별됨(프로세스 성숙도·지표 관리·표준화 보완 필요).,문서/인터뷰/현장,,,,,,,CCTV; 현장 사진; 드론(필요 시),YOLOv8/YOLOv10(Object); Pose(행동); OCR(표지판); Segmentation(영역위험),,M
